auditor_id,nivel,nivel_num,anos_experiencia,skills,n_skills,setores_experiencia,n_setores_exp,certificacoes,n_certificacoes,disponibilidade_pct,ingles,espanhol,performance_media,data_disponivel,skill_IFRS,skill_USGAAP,skill_BRGAAP,skill_SOX,skill_COSO,skill_CISA,skill_ISO27001,skill_Auditoria_Financeira,skill_Auditoria_Operacional,skill_Auditoria_TI,skill_Auditoria_Fiscal,skill_Auditoria_Compliance,skill_Forensics_Antilavagem,skill_ESG_Sustentabilidade,skill_Gestao_Riscos,cert_CPA,cert_CIA,cert_CISA,cert_CFE,cert_CRC,cert_ACCA,cert_CFA,setor_exp_Financeiro_Bancario,setor_exp_Seguros,setor_exp_Energia_Utilities,setor_exp_Saude_Farma,setor_exp_Varejo_Consumo,setor_exp_Industria_Manufacturing,setor_exp_Tecnologia,setor_exp_Governo_PublicSector,setor_exp_Agronegocio,setor_exp_Telecomunicacoes
AUD-0001,Supervisor,2,8,"[""IFRS"", ""Auditoria_Compliance"", ""COSO"", ""SOX"", ""ESG_Sustentabilidade"", ""BRGAAP"", ""USGAAP"", ""Auditoria_Operacional""]",8,"[""Financeiro_Bancario"", ""Telecomunicacoes"", ""Seguros"", ""Governo_PublicSector""]",4,"[""CIA""]",1,66.8,1,0,3.65,2026-05-27,1,1,1,1,1,0,0,0,1,0,0,1,0,1,0,0,1,0,0,0,0,0,1,1,0,0,0,0,0,1,0,1
AUD-0002,Junior,0,1,"[""Auditoria_Fiscal"", ""Auditoria_Compliance""]",2,"[""Saude_Farma"", ""Governo_PublicSector""]",2,[],0,30.2,1,1,2.83,2026-05-16,0,0,0,0,0,0,0,0,0,0,1,1,0,0,0,0,0,0,0,0,0,0,0,0,0,1,0,0,0,1,0,0
AUD-0003,Junior,0,1,"[""Forensics_Antilavagem"", ""BRGAAP"", ""Auditoria_Compliance"", ""ISO27001"", ""CISA""]",5,"[""Energia_Utilities"", ""Saude_Farma""]",2,"[""CFA""]",1,19.3,1,0,2.96,2026-06-01,0,0,1,0,0,1,1,0,0,0,0,1,1,0,0,0,0,0,0,0,0,1,0,0,1,1,0,0,0,0,0,0
AUD-0004,Junior,0,0,"[""ESG_Sustentabilidade"", ""CISA"", ""Auditoria_TI""]",3,"[""Financeiro_Bancario"", ""Governo_PublicSector""]",2,[],0,55.3,1,1,2.56,2026-07-07,0,0,0,0,0,1,0,0,0,1,0,0,0,1,0,0,0,0,0,0,0,0,1,0,0,0,0,0,0,1,0,0
AUD-0005,Senior,1,3,"[""Auditoria_Operacional"", ""COSO"", ""Auditoria_Fiscal"", ""Auditoria_TI"", ""CISA""]",5,"[""Saude_Farma"", ""Seguros"", ""Financeiro_Bancario""]",3,"[""ACCA""]",1,21.3,0,0,2.84,2026-07-09,0,0,0,0,1,1,0,0,1,1,1,0,0,0,0,0,0,0,0,0,1,0,1,1,0,1,0,0,0,0,0,0
AUD-0006,Junior,0,0,"[""SOX"", ""ESG_Sustentabilidade"", ""USGAAP"", ""ISO27001"", ""COSO""]",5,"[""Industria_Manufacturing"", ""Energia_Utilities""]",2,[],0,18.7,1,0,2.27,2026-08-20,0,1,0,1,1,0,1,0,0,0,0,0,0,1,0,0,0,0,0,0,0,0,0,0,1,0,0,1,0,0,0,0
AUD-0007,Senior,1,4,"[""Gestao_Riscos"", ""Auditoria_Fiscal"", ""ESG_Sustentabilidade"", ""USGAAP"", ""Auditoria_TI"", ""BRGAAP""]",6,"[""Saude_Farma"", ""Energia_Utilities"", ""Governo_PublicSector""]",3,[],0,59.8,1,1,3.57,2026-05-25,0,1,1,0,0,0,0,0,0,1,1,0,0,1,1,0,0,0,0,0,0,0,0,0,1,1,0,0,0,1,0,0
AUD-0008,Supervisor,2,5,"[""Auditoria_Operacional"", ""SOX"", ""Auditoria_Fiscal"", ""CISA"", ""IFRS"", ""ESG_Sustentabilidade"", ""Forensics_Antilavagem"", ""Auditoria_Compliance"", ""Auditoria_TI""]",9,"[""Seguros"", ""Saude_Farma"", ""Industria_Manufacturing""]",3,"[""CIA"", ""ACCA"", ""CFE""]",3,11.8,1,1,4.07,2026-05-17,1,0,0,1,0,1,0,0,1,1,1,1,1,1,0,0,1,0,1,0,1,0,0,1,0,1,0,1,0,0,0,0
AUD-0009,Senior,1,2,"[""COSO"", ""BRGAAP"", ""SOX"", ""Auditoria_Compliance"", ""Auditoria_Operacional"", ""Auditoria_Fiscal""]",6,"[""Telecomunicacoes"", ""Tecnologia""]",2,[],0,53.7,1,0,3.33,2026-05-26,0,0,1,1,1,0,0,0,1,0,1,1,0,0,0,0,0,0,0,0,0,0,0,0,0,0,0,0,1,0,0,1
AUD-0010,Junior,0,2,"[""BRGAAP"", ""Auditoria_Operacional"", ""Auditoria_Financeira"", ""USGAAP""]",4,"[""Seguros""]",1,"[""CIA""]",1,65.3,1,1,2.74,2026-06-08,0,1,1,0,0,0,0,1,1,0,0,0,0,0,0,0,1,0,0,0,0,0,0,1,0,0,0,0,0,0,0,0
AUD-0011,Senior,1,3,"[""USGAAP"", ""ISO27001"", ""ESG_Sustentabilidade"", ""Auditoria_TI""]",4,"[""Agronegocio"", ""Varejo_Consumo""]",2,"[""CRC"", ""CPA""]",2,72.1,1,0,3.28,2026-06-05,0,1,0,0,0,0,1,0,0,1,0,0,0,1,0,1,0,0,0,1,0,0,0,0,0,0,1,0,0,0,1,0
AUD-0012,Gerente,3,13,"[""Forensics_Antilavagem"", ""COSO"", ""Gestao_Riscos"", ""Auditoria_Fiscal"", ""CISA"", ""USGAAP"", ""ESG_Sustentabilidade"", ""ISO27001""]",8,"[""Governo_PublicSector"", ""Financeiro_Bancario""]",2,"[""ACCA"", ""CFA"", ""CISA"", ""CIA""]",4,72.5,1,0,3.9,2026-07-03,0,1,0,0,1,1,1,0,0,0,1,0,1,1,1,0,1,1,0,0,1,1,1,0,0,0,0,0,0,1,0,0
AUD-0013,Supervisor,2,9,"[""ESG_Sustentabilidade"", ""Auditoria_Fiscal"", ""Auditoria_Operacional"", ""Auditoria_TI"", ""SOX"", ""BRGAAP"", ""CISA"", ""Auditoria_Compliance"", ""COSO""]",9,"[""Telecomunicacoes""]",1,"[""CISA"", ""CFE""]",2,71.4,0,1,3.56,2026-07-25,0,0,1,1,1,1,0,0,1,1,1,1,0,1,0,0,0,1,1,0,0,0,0,0,0,0,0,0,0,0,0,1
AUD-0014,Gerente,3,15,"[""ESG_Sustentabilidade"", ""Forensics_Antilavagem"", ""COSO"", ""SOX"", ""IFRS"", ""Auditoria_Compliance"", ""USGAAP"", ""Auditoria_Operacional""]",8,"[""Seguros"", ""Agronegocio"", ""Energia_Utilities"", ""Telecomunicacoes""]",4,"[""ACCA"", ""CFE""]",2,22.4,1,0,4.01,2026-05-22,1,1,0,1,1,0,0,0,1,0,0,1,1,1,0,0,0,0,1,0,1,0,0,1,1,0,0,0,0,0,1,1
AUD-0015,Senior,1,3,"[""Auditoria_TI"", ""ISO27001"", ""SOX"", ""Auditoria_Operacional"", ""Forensics_Antilavagem"", ""COSO""]",6,"[""Industria_Manufacturing"", ""Governo_PublicSector""]",2,"[""CRC"", ""CFE""]",2,13.2,0,0,3.47,2026-08-30,0,0,0,1,1,0,1,0,1,1,0,0,1,0,0,0,0,0,1,1,0,0,0,0,0,0,0,1,0,1,0,0
AUD-0016,Senior,1,1,"[""Auditoria_TI"", ""Auditoria_Operacional"", ""SOX"", ""Gestao_Riscos""]",4,"[""Financeiro_Bancario""]",1,[],0,50.7,0,1,3.54,2026-05-27,0,0,0,1,0,0,0,0,1,1,0,0,0,0,1,0,0,0,0,0,0,0,1,0,0,0,0,0,0,0,0,0
AUD-0017,Junior,0,3,"[""Gestao_Riscos"", ""IFRS""]",2,"[""Seguros"", ""Agronegocio""]",2,[],0,54.7,0,1,2.54,2026-05-23,1,0,0,0,0,0,0,0,0,0,0,0,0,0,1,0,0,0,0,0,0,0,0,1,0,0,0,0,0,0,1,0
AUD-0018,Junior,0,0,"[""BRGAAP"", ""Auditoria_Compliance"", ""Auditoria_TI"", ""Forensics_Antilavagem"", ""Auditoria_Financeira""]",5,"[""Governo_PublicSector""]",1,[],0,84.4,1,0,3.03,2026-05-26,0,0,1,0,0,0,0,1,0,1,0,1,1,0,0,0,0,0,0,0,0,0,0,0,0,0,0,0,0,1,0,0
AUD-0019,Junior,0,3,"[""ISO27001"", ""CISA"", ""Gestao_Riscos"", ""Forensics_Antilavagem""]",4,"[""Financeiro_Bancario"", ""Seguros""]",2,[],0,53.6,0,1,2.51,2026-06-19,0,0,0,0,0,1,1,0,0,0,0,0,1,0,1,0,0,0,0,0,0,0,1,1,0,0,0,0,0,0,0,0
AUD-0020,Gerente,3,14,"[""USGAAP"", ""SOX"", ""ESG_Sustentabilidade"", ""Forensics_Antilavagem"", ""Auditoria_Operacional"", ""Auditoria_Financeira"", ""BRGAAP"", ""ISO27001""]",8,"[""Varejo_Consumo"", ""Governo_PublicSector""]",2,"[""CIA"", ""CPA"", ""CFE"", ""ACCA""]",4,54.1,0,1,4.32,2026-07-04,0,1,1,1,0,0,1,1,1,0,0,0,1,1,0,1,1,0,1,0,1,0,0,0,0,0,1,0,0,1,0,0
AUD-0021,Gerente,3,16,"[""USGAAP"", ""Forensics_Antilavagem"", ""SOX"", ""BRGAAP"", ""ISO27001"", ""Auditoria_Financeira"", ""Auditoria_TI"", ""ESG_Sustentabilidade"", ""Auditoria_Fiscal""]",9,"[""Financeiro_Bancario"", ""Energia_Utilities"", ""Tecnologia"", ""Telecomunicacoes""]",4,"[""CFE"", ""CISA""]",2,94.8,1,1,4.58,2026-06-22,0,1,1,1,0,0,1,1,0,1,1,0,1,1,0,0,0,1,1,0,0,0,1,0,1,0,0,0,1,0,0,1
AUD-0022,Senior,1,4,"[""Auditoria_Compliance"", ""Gestao_Riscos"", ""Forensics_Antilavagem"", ""Auditoria_Operacional"", ""Auditoria_Fiscal"", ""Auditoria_Financeira""]",6,"[""Saude_Farma""]",1,[],0,65.7,0,1,3.74,2026-05-18,0,0,0,0,0,0,0,1,1,0,1,1,1,0,1,0,0,0,0,0,0,0,0,0,0,1,0,0,0,0,0,0
AUD-0023,Supervisor,2,8,"[""Auditoria_Operacional"", ""IFRS"", ""Auditoria_Compliance"", ""CISA"", ""ESG_Sustentabilidade"", ""Auditoria_Fiscal"", ""Auditoria_Financeira""]",7,"[""Financeiro_Bancario"", ""Agronegocio""]",2,"[""CPA"", ""CIA"", ""CFA""]",3,16.1,1,1,3.32,2026-05-26,1,0,0,0,0,1,0,1,1,0,1,1,0,1,0,1,1,0,0,0,0,1,1,0,0,0,0,0,0,0,1,0
AUD-0024,Junior,0,2,"[""USGAAP"", ""Auditoria_TI"", ""SOX"", ""ESG_Sustentabilidade""]",4,"[""Telecomunicacoes""]",1,"[""CPA""]",1,83.4,1,0,3.06,2026-05-24,0,1,0,1,0,0,0,0,0,1,0,0,0,1,0,1,0,0,0,0,0,0,0,0,0,0,0,0,0,0,0,1
AUD-0025,Senior,1,5,"[""Gestao_Riscos"", ""COSO"", ""SOX"", ""Auditoria_Fiscal"", ""CISA"", ""Forensics_Antilavagem""]",6,"[""Tecnologia"", ""Energia_Utilities""]",2,"[""ACCA"", ""CFA""]",2,14.3,0,0,3.44,2026-05-21,0,0,0,1,1,1,0,0,0,0,1,0,1,0,1,0,0,0,0,0,1,1,0,0,1,0,0,0,1,0,0,0
AUD-0026,Gerente,3,12,"[""USGAAP"", ""IFRS"", ""Auditoria_Financeira"", ""Auditoria_TI"", ""Auditoria_Compliance"", ""Gestao_Riscos"", ""Auditoria_Fiscal"", ""SOX"", ""COSO"", ""BRGAAP""]",10,"[""Industria_Manufacturing"", ""Seguros""]",2,"[""CIA"", ""CISA""]",2,66.5,0,0,4.18,2026-07-18,1,1,1,1,1,0,0,1,0,1,1,1,0,0,1,0,1,1,0,0,0,0,0,1,0,0,0,1,0,0,0,0
AUD-0027,Senior,1,4,"[""COSO"", ""Auditoria_TI"", ""Forensics_Antilavagem"", ""Auditoria_Fiscal"", ""Auditoria_Operacional"", ""IFRS""]",6,"[""Agronegocio"", ""Varejo_Consumo"", ""Seguros""]",3,"[""CIA"", ""CISA""]",2,55.5,0,0,2.47,2026-05-30,1,0,0,0,1,0,0,0,1,1,1,0,1,0,0,0,1,1,0,0,0,0,0,1,0,0,1,0,0,0,1,0
AUD-0028,Supervisor,2,7,"[""COSO"", ""Gestao_Riscos"", ""Auditoria_TI"", ""SOX"", ""CISA"", ""Auditoria_Compliance"", ""ESG_Sustentabilidade""]",7,"[""Varejo_Consumo"", ""Financeiro_Bancario"", ""Seguros"", ""Industria_Manufacturing""]",4,"[""CFE"", ""CISA""]",2,80.8,0,0,3.29,2026-07-10,0,0,0,1,1,1,0,0,0,1,0,1,0,1,1,0,0,1,1,0,0,0,1,1,0,0,1,1,0,0,0,0
AUD-0029,Junior,0,0,"[""COSO"", ""BRGAAP""]",2,"[""Agronegocio"", ""Tecnologia""]",2,"[""CRC""]",1,30.9,0,0,3.26,2026-05-17,0,0,1,0,1,0,0,0,0,0,0,0,0,0,0,0,0,0,0,1,0,0,0,0,0,0,0,0,1,0,1,0
AUD-0030,Gerente,3,11,"[""Gestao_Riscos"", ""BRGAAP"", ""Auditoria_Operacional"", ""IFRS"", ""CISA"", ""Auditoria_TI"", ""Forensics_Antilavagem"", ""ESG_Sustentabilidade"", ""SOX"", ""USGAAP""]",10,"[""Varejo_Consumo""]",1,"[""CISA"", ""CPA""]",2,18.9,1,0,4.13,2026-06-01,1,1,1,1,0,1,0,0,1,1,0,0,1,1,1,1,0,1,0,0,0,0,0,0,0,0,1,0,0,0,0,0
AUD-0031,Junior,0,0,"[""USGAAP"", ""CISA"", ""Forensics_Antilavagem"", ""Auditoria_Operacional""]",4,"[""Telecomunicacoes"", ""Energia_Utilities""]",2,[],0,39.4,1,0,2.83,2026-05-16,0,1,0,0,0,1,0,0,1,0,0,0,1,0,0,0,0,0,0,0,0,0,0,0,1,0,0,0,0,0,0,1
AUD-0032,Junior,0,1,"[""Forensics_Antilavagem"", ""Gestao_Riscos"", ""BRGAAP"", ""ISO27001""]",4,"[""Energia_Utilities""]",1,[],0,7.7,1,0,2.98,2026-07-09,0,0,1,0,0,0,1,0,0,0,0,0,1,0,1,0,0,0,0,0,0,0,0,0,1,0,0,0,0,0,0,0
AUD-0033,Socio,4,22,"[""Forensics_Antilavagem"", ""Auditoria_Fiscal"", ""Auditoria_Compliance"", ""SOX"", ""COSO"", ""BRGAAP"", ""USGAAP"", ""ISO27001"", ""Auditoria_Financeira"", ""IFRS"", ""Gestao_Riscos"", ""Auditoria_Operacional"", ""CISA""]",13,"[""Industria_Manufacturing"", ""Varejo_Consumo"", ""Saude_Farma"", ""Seguros""]",4,"[""CPA"", ""ACCA"", ""CIA"", ""CFE""]",4,70.4,1,1,3.69,2026-07-01,1,1,1,1,1,1,1,1,1,0,1,1,1,0,1,1,1,0,1,0,1,0,0,1,0,1,1,1,0,0,0,0
AUD-0034,Socio,4,22,"[""COSO"", ""CISA"", ""Auditoria_Fiscal"", ""Auditoria_Operacional"", ""ISO27001"", ""Auditoria_Compliance"", ""ESG_Sustentabilidade"", ""IFRS"", ""Auditoria_Financeira"", ""BRGAAP"", ""USGAAP"", ""Auditoria_TI""]",12,"[""Seguros""]",1,"[""CRC"", ""CFE"", ""CISA"", ""CFA"", ""CIA""]",5,35.5,1,0,4.7,2026-05-30,1,1,1,0,1,1,1,1,1,1,1,1,0,1,0,0,1,1,1,1,0,1,0,1,0,0,0,0,0,0,0,0
AUD-0035,Senior,1,5,"[""Auditoria_TI"", ""SOX"", ""COSO"", ""IFRS"", ""ISO27001""]",5,"[""Agronegocio""]",1,"[""CFA""]",1,54.0,1,1,2.9,2026-08-15,1,0,0,1,1,0,1,0,0,1,0,0,0,0,0,0,0,0,0,0,0,1,0,0,0,0,0,0,0,0,1,0
AUD-0036,Supervisor,2,9,"[""Auditoria_Fiscal"", ""SOX"", ""CISA"", ""ISO27001"", ""USGAAP"", ""Forensics_Antilavagem"", ""Auditoria_TI"", ""Gestao_Riscos""]",8,"[""Agronegocio"", ""Varejo_Consumo"", ""Tecnologia""]",3,"[""CISA"", ""CFE"", ""CFA""]",3,81.0,1,0,3.43,2026-05-17,0,1,0,1,0,1,1,0,0,1,1,0,1,0,1,0,0,1,1,0,0,1,0,0,0,0,1,0,1,0,1,0
AUD-0037,Supervisor,2,7,"[""ISO27001"", ""Auditoria_Fiscal"", ""Auditoria_Compliance"", ""BRGAAP"", ""Auditoria_TI"", ""ESG_Sustentabilidade"", ""COSO""]",7,"[""Agronegocio"", ""Financeiro_Bancario"", ""Varejo_Consumo"", ""Energia_Utilities""]",4,"[""CIA"", ""CFE""]",2,23.0,1,1,3.57,2026-05-15,0,0,1,0,1,0,1,0,0,1,1,1,0,1,0,0,1,0,1,0,0,0,1,0,1,0,1,0,0,0,1,0
AUD-0038,Senior,1,4,"[""Auditoria_Financeira"", ""Gestao_Riscos"", ""Auditoria_Fiscal"", ""SOX"", ""Auditoria_Operacional"", ""ESG_Sustentabilidade""]",6,"[""Energia_Utilities"", ""Seguros"", ""Varejo_Consumo""]",3,"[""CRC""]",1,85.0,1,1,3.54,2026-07-02,0,0,0,1,0,0,0,1,1,0,1,0,0,1,1,0,0,0,0,1,0,0,0,1,1,0,1,0,0,0,0,0
AUD-0039,Junior,0,2,"[""Forensics_Antilavagem"", ""SOX"", ""Auditoria_Fiscal"", ""COSO"", ""ESG_Sustentabilidade""]",5,"[""Energia_Utilities""]",1,[],0,25.2,0,0,3.45,2026-06-15,0,0,0,1,1,0,0,0,0,0,1,0,1,1,0,0,0,0,0,0,0,0,0,0,1,0,0,0,0,0,0,0
AUD-0040,Senior,1,4,"[""ESG_Sustentabilidade"", ""Forensics_Antilavagem"", ""USGAAP"", ""Auditoria_Financeira"", ""ISO27001"", ""Auditoria_TI""]",6,"[""Tecnologia""]",1,[],0,36.4,1,0,3.15,2026-06-19,0,1,0,0,0,0,1,1,0,1,0,0,1,1,0,0,0,0,0,0,0,0,0,0,0,0,0,0,1,0,0,0
AUD-0041,Supervisor,2,7,"[""IFRS"", ""Forensics_Antilavagem"", ""ESG_Sustentabilidade"", ""USGAAP"", ""ISO27001"", ""SOX""]",6,"[""Agronegocio"", ""Governo_PublicSector""]",2,"[""CPA"", ""CRC"", ""CIA""]",3,46.2,1,0,3.92,2026-07-03,1,1,0,1,0,0,1,0,0,0,0,0,1,1,0,1,1,0,0,1,0,0,0,0,0,0,0,0,0,1,1,0
AUD-0042,Junior,0,0,"[""Auditoria_Financeira"", ""Auditoria_Fiscal""]",2,"[""Governo_PublicSector"", ""Agronegocio""]",2,"[""CFE""]",1,32.7,1,0,3.62,2026-06-26,0,0,0,0,0,0,0,1,0,0,1,0,0,0,0,0,0,0,1,0,0,0,0,0,0,0,0,0,0,1,1,0
AUD-0043,Gerente,3,13,"[""Auditoria_Compliance"", ""ESG_Sustentabilidade"", ""Auditoria_Financeira"", ""Forensics_Antilavagem"", ""COSO"", ""SOX"", ""Auditoria_Fiscal"", ""Gestao_Riscos""]",8,"[""Varejo_Consumo"", ""Governo_PublicSector""]",2,"[""CPA"", ""ACCA"", ""CISA""]",3,34.6,0,0,4.0,2026-05-15,0,0,0,1,1,0,0,1,0,0,1,1,1,1,1,1,0,1,0,0,1,0,0,0,0,0,1,0,0,1,0,0
AUD-0044,Gerente,3,15,"[""USGAAP"", ""BRGAAP"", ""ESG_Sustentabilidade"", ""SOX"", ""ISO27001"", ""Forensics_Antilavagem"", ""Auditoria_Compliance"", ""Gestao_Riscos""]",8,"[""Tecnologia"", ""Industria_Manufacturing"", ""Governo_PublicSector"", ""Saude_Farma""]",4,"[""CPA"", ""CIA"", ""CFE"", ""CRC""]",4,57.4,1,0,4.86,2026-06-01,0,1,1,1,0,0,1,0,0,0,0,1,1,1,1,1,1,0,1,1,0,0,0,0,0,1,0,1,1,1,0,0
AUD-0045,Supervisor,2,9,"[""ESG_Sustentabilidade"", ""Forensics_Antilavagem"", ""Auditoria_TI"", ""ISO27001"", ""Auditoria_Financeira"", ""IFRS"", ""CISA"", ""COSO""]",8,"[""Tecnologia"", ""Agronegocio"", ""Saude_Farma"", ""Governo_PublicSector""]",4,"[""CIA""]",1,16.8,0,0,4.43,2026-08-26,1,0,0,0,1,1,1,1,0,1,0,0,1,1,0,0,1,0,0,0,0,0,0,0,0,1,0,0,1,1,1,0
AUD-0046,Senior,1,4,"[""Auditoria_Fiscal"", ""Gestao_Riscos"", ""Forensics_Antilavagem"", ""ISO27001""]",4,"[""Energia_Utilities"", ""Governo_PublicSector"", ""Telecomunicacoes""]",3,"[""CRC""]",1,50.1,1,1,3.2,2026-07-20,0,0,0,0,0,0,1,0,0,0,1,0,1,0,1,0,0,0,0,1,0,0,0,0,1,0,0,0,0,1,0,1
AUD-0047,Supervisor,2,5,"[""Auditoria_Fiscal"", ""IFRS"", ""USGAAP"", ""Gestao_Riscos"", ""ISO27001"", ""BRGAAP"", ""Auditoria_Financeira""]",7,"[""Financeiro_Bancario"", ""Varejo_Consumo""]",2,"[""CFE""]",1,16.3,1,0,3.57,2026-07-25,1,1,1,0,0,0,1,1,0,0,1,0,0,0,1,0,0,0,1,0,0,0,1,0,0,0,1,0,0,0,0,0
AUD-0048,Senior,1,4,"[""Gestao_Riscos"", ""ISO27001"", ""COSO"", ""ESG_Sustentabilidade""]",4,"[""Seguros"", ""Governo_PublicSector""]",2,"[""CPA""]",1,21.3,1,0,3.08,2026-06-01,0,0,0,0,1,0,1,0,0,0,0,0,0,1,1,1,0,0,0,0,0,0,0,1,0,0,0,0,0,1,0,0
AUD-0049,Socio,4,20,"[""SOX"", ""Auditoria_Fiscal"", ""USGAAP"", ""ESG_Sustentabilidade"", ""IFRS"", ""Auditoria_Compliance"", ""Gestao_Riscos"", ""Auditoria_Operacional"", ""ISO27001"", ""Auditoria_TI""]",10,"[""Saude_Farma"", ""Energia_Utilities""]",2,"[""CFE"", ""ACCA"", ""CPA""]",3,95.2,1,0,4.72,2026-06-18,1,1,0,1,0,0,1,0,1,1,1,1,0,1,1,1,0,0,1,0,1,0,0,0,1,1,0,0,0,0,0,0
AUD-0050,Supervisor,2,9,"[""Forensics_Antilavagem"", ""CISA"", ""BRGAAP"", ""Auditoria_TI"", ""Auditoria_Compliance"", ""USGAAP"", ""Gestao_Riscos"", ""COSO"", ""IFRS""]",9,"[""Varejo_Consumo""]",1,"[""CRC"", ""ACCA""]",2,92.9,1,0,4.24,2026-09-06,1,1,1,0,1,1,0,0,0,1,0,1,1,0,1,0,0,0,0,1,1,0,0,0,0,0,1,0,0,0,0,0
AUD-0051,Socio,4,21,"[""SOX"", ""USGAAP"", ""Auditoria_TI"", ""Auditoria_Compliance"", ""Auditoria_Fiscal"", ""Gestao_Riscos"", ""ESG_Sustentabilidade"", ""COSO"", ""ISO27001"", ""CISA""]",10,"[""Telecomunicacoes""]",1,"[""CFA"", ""CPA"", ""CISA""]",3,46.7,1,1,4.84,2026-05-17,0,1,0,1,1,1,1,0,0,1,1,1,0,1,1,1,0,1,0,0,0,1,0,0,0,0,0,0,0,0,0,1
AUD-0052,Junior,0,0,"[""Auditoria_Fiscal"", ""CISA"", ""IFRS"", ""ISO27001""]",4,"[""Seguros"", ""Tecnologia""]",2,[],0,56.5,1,1,3.57,2026-07-28,1,0,0,0,0,1,1,0,0,0,1,0,0,0,0,0,0,0,0,0,0,0,0,1,0,0,0,0,1,0,0,0
AUD-0053,Gerente,3,12,"[""Auditoria_Compliance"", ""BRGAAP"", ""ISO27001"", ""ESG_Sustentabilidade"", ""Auditoria_Operacional"", ""COSO"", ""Auditoria_Fiscal"", ""Auditoria_Financeira"", ""SOX""]",9,"[""Telecomunicacoes"", ""Varejo_Consumo"", ""Industria_Manufacturing"", ""Tecnologia""]",4,"[""CIA"", ""CPA"", ""CISA""]",3,88.6,1,0,3.25,2026-06-10,0,0,1,1,1,0,1,1,1,0,1,1,0,1,0,1,1,1,0,0,0,0,0,0,0,0,1,1,1,0,0,1
AUD-0054,Senior,1,3,"[""Auditoria_TI"", ""Auditoria_Fiscal"", ""ISO27001"", ""CISA"", ""IFRS"", ""Auditoria_Financeira"", ""Auditoria_Compliance""]",7,"[""Governo_PublicSector""]",1,[],0,28.3,0,1,3.04,2026-07-26,1,0,0,0,0,1,1,1,0,1,1,1,0,0,0,0,0,0,0,0,0,0,0,0,0,0,0,0,0,1,0,0
AUD-0055,Senior,1,4,"[""Gestao_Riscos"", ""Auditoria_TI"", ""Auditoria_Compliance"", ""COSO""]",4,"[""Financeiro_Bancario"", ""Agronegocio"", ""Saude_Farma""]",3,"[""CPA""]",1,8.2,0,0,3.87,2026-09-22,0,0,0,0,1,0,0,0,0,1,0,1,0,0,1,1,0,0,0,0,0,0,1,0,0,1,0,0,0,0,1,0
AUD-0056,Supervisor,2,7,"[""SOX"", ""Auditoria_Compliance"", ""Auditoria_Financeira"", ""Auditoria_Fiscal"", ""Forensics_Antilavagem"", ""ESG_Sustentabilidade""]",6,"[""Seguros""]",1,"[""CISA"", ""CIA"", ""CFE""]",3,72.9,1,0,4.2,2026-05-24,0,0,0,1,0,0,0,1,0,0,1,1,1,1,0,0,1,1,1,0,0,0,0,1,0,0,0,0,0,0,0,0
AUD-0057,Supervisor,2,8,"[""Auditoria_Financeira"", ""Auditoria_Operacional"", ""ESG_Sustentabilidade"", ""CISA"", ""ISO27001"", ""Forensics_Antilavagem""]",6,"[""Industria_Manufacturing"", ""Governo_PublicSector"", ""Varejo_Consumo""]",3,"[""CISA""]",1,60.0,0,0,3.95,2026-05-19,0,0,0,0,0,1,1,1,1,0,0,0,1,1,0,0,0,1,0,0,0,0,0,0,0,0,1,1,0,1,0,0
AUD-0058,Junior,0,1,"[""USGAAP"", ""Auditoria_Compliance"", ""Auditoria_Operacional""]",3,"[""Saude_Farma""]",1,[],0,86.8,0,0,3.51,2026-06-17,0,1,0,0,0,0,0,0,1,0,0,1,0,0,0,0,0,0,0,0,0,0,0,0,0,1,0,0,0,0,0,0
AUD-0059,Supervisor,2,10,"[""Forensics_Antilavagem"", ""Auditoria_Operacional"", ""Auditoria_TI"", ""COSO"", ""USGAAP"", ""SOX"", ""Auditoria_Compliance"", ""Gestao_Riscos""]",8,"[""Energia_Utilities"", ""Varejo_Consumo"", ""Financeiro_Bancario""]",3,"[""ACCA"", ""CRC""]",2,23.3,0,0,4.4,2026-05-30,0,1,0,1,1,0,0,0,1,1,0,1,1,0,1,0,0,0,0,1,1,0,1,0,1,0,1,0,0,0,0,0
AUD-0060,Junior,0,1,"[""COSO"", ""Auditoria_Compliance"", ""BRGAAP""]",3,"[""Seguros"", ""Financeiro_Bancario""]",2,"[""CRC""]",1,54.6,0,0,2.3,2026-06-01,0,0,1,0,1,0,0,0,0,0,0,1,0,0,0,0,0,0,0,1,0,0,1,1,0,0,0,0,0,0,0,0
AUD-0061,Senior,1,3,"[""IFRS"", ""COSO"", ""Auditoria_Financeira"", ""USGAAP"", ""Auditoria_Compliance""]",5,"[""Governo_PublicSector"", ""Seguros""]",2,[],0,36.7,1,1,2.85,2026-08-12,1,1,0,0,1,0,0,1,0,0,0,1,0,0,0,0,0,0,0,0,0,0,0,1,0,0,0,0,0,1,0,0
AUD-0062,Junior,0,0,"[""Forensics_Antilavagem"", ""Auditoria_TI"", ""COSO"", ""USGAAP"", ""SOX""]",5,"[""Agronegocio""]",1,[],0,90.4,1,1,2.96,2026-05-23,0,1,0,1,1,0,0,0,0,1,0,0,1,0,0,0,0,0,0,0,0,0,0,0,0,0,0,0,0,0,1,0
AUD-0063,Gerente,3,14,"[""SOX"", ""Forensics_Antilavagem"", ""Auditoria_Operacional"", ""ISO27001"", ""Auditoria_Financeira"", ""Auditoria_Fiscal"", ""COSO"", ""Auditoria_Compliance"", ""BRGAAP"", ""ESG_Sustentabilidade"", ""CISA""]",11,"[""Telecomunicacoes""]",1,"[""ACCA"", ""CPA""]",2,10.8,1,0,3.97,2026-05-21,0,0,1,1,1,1,1,1,1,0,1,1,1,1,0,1,0,0,0,0,1,0,0,0,0,0,0,0,0,0,0,1
AUD-0064,Junior,0,0,"[""Auditoria_Fiscal"", ""USGAAP""]",2,"[""Saude_Farma""]",1,[],0,71.5,0,0,2.92,2026-06-05,0,1,0,0,0,0,0,0,0,0,1,0,0,0,0,0,0,0,0,0,0,0,0,0,0,1,0,0,0,0,0,0
AUD-0065,Junior,0,0,"[""Auditoria_Financeira"", ""Auditoria_Compliance""]",2,"[""Varejo_Consumo"", ""Financeiro_Bancario""]",2,"[""CIA""]",1,36.3,0,0,2.75,2026-05-21,0,0,0,0,0,0,0,1,0,0,0,1,0,0,0,0,1,0,0,0,0,0,1,0,0,0,1,0,0,0,0,0
AUD-0066,Gerente,3,13,"[""USGAAP"", ""Auditoria_Fiscal"", ""SOX"", ""COSO"", ""ESG_Sustentabilidade"", ""Auditoria_TI"", ""Forensics_Antilavagem"", ""ISO27001"", ""IFRS""]",9,"[""Energia_Utilities"", ""Varejo_Consumo""]",2,"[""CFA"", ""CIA"", ""CPA""]",3,35.1,0,1,3.22,2026-05-16,1,1,0,1,1,0,1,0,0,1,1,0,1,1,0,1,1,0,0,0,0,1,0,0,1,0,1,0,0,0,0,0
AUD-0067,Supervisor,2,9,"[""ESG_Sustentabilidade"", ""Auditoria_TI"", ""COSO"", ""Auditoria_Financeira"", ""USGAAP"", ""Auditoria_Compliance"", ""Forensics_Antilavagem"", ""ISO27001""]",8,"[""Agronegocio"", ""Telecomunicacoes"", ""Governo_PublicSector""]",3,"[""CFE"", ""CPA"", ""CRC""]",3,49.6,0,0,3.73,2026-06-06,0,1,0,0,1,0,1,1,0,1,0,1,1,1,0,1,0,0,1,1,0,0,0,0,0,0,0,0,0,1,1,1
AUD-0068,Senior,1,2,"[""COSO"", ""IFRS"", ""USGAAP"", ""SOX""]",4,"[""Telecomunicacoes"", ""Financeiro_Bancario"", ""Varejo_Consumo""]",3,"[""CRC""]",1,67.9,0,1,3.48,2026-06-03,1,1,0,1,1,0,0,0,0,0,0,0,0,0,0,0,0,0,0,1,0,0,1,0,0,0,1,0,0,0,0,1
AUD-0069,Senior,1,6,"[""Auditoria_Fiscal"", ""Auditoria_Financeira"", ""COSO"", ""BRGAAP"", ""Auditoria_TI""]",5,"[""Governo_PublicSector"", ""Seguros""]",2,"[""CFE"", ""CISA""]",2,17.8,1,0,4.06,2026-06-08,0,0,1,0,1,0,0,1,0,1,1,0,0,0,0,0,0,1,1,0,0,0,0,1,0,0,0,0,0,1,0,0
AUD-0070,Junior,0,0,"[""BRGAAP"", ""CISA"", ""ISO27001"", ""Auditoria_Compliance"", ""Auditoria_Financeira""]",5,"[""Tecnologia"", ""Agronegocio""]",2,[],0,26.3,0,0,2.34,2026-08-04,0,0,1,0,0,1,1,1,0,0,0,1,0,0,0,0,0,0,0,0,0,0,0,0,0,0,0,0,1,0,1,0
AUD-0071,Senior,1,3,"[""USGAAP"", ""Forensics_Antilavagem"", ""ISO27001"", ""Auditoria_Operacional"", ""IFRS""]",5,"[""Agronegocio"", ""Governo_PublicSector"", ""Tecnologia""]",3,"[""CPA"", ""CIA""]",2,3.8,1,1,3.46,2026-09-02,1,1,0,0,0,0,1,0,1,0,0,0,1,0,0,1,1,0,0,0,0,0,0,0,0,0,0,0,1,1,1,0
AUD-0072,Senior,1,6,"[""Auditoria_Financeira"", ""Forensics_Antilavagem"", ""IFRS"", ""SOX"", ""COSO""]",5,"[""Energia_Utilities"", ""Varejo_Consumo"", ""Governo_PublicSector""]",3,[],0,85.1,1,0,4.45,2026-05-21,1,0,0,1,1,0,0,1,0,0,0,0,1,0,0,0,0,0,0,0,0,0,0,0,1,0,1,0,0,1,0,0
AUD-0073,Junior,0,1,"[""Auditoria_Fiscal"", ""Auditoria_TI"", ""Forensics_Antilavagem"", ""SOX"", ""BRGAAP""]",5,"[""Agronegocio"", ""Financeiro_Bancario""]",2,"[""CRC""]",1,36.9,1,0,3.06,2026-08-03,0,0,1,1,0,0,0,0,0,1,1,0,1,0,0,0,0,0,0,1,0,0,1,0,0,0,0,0,0,0,1,0
AUD-0074,Gerente,3,15,"[""USGAAP"", ""Auditoria_Financeira"", ""Gestao_Riscos"", ""Auditoria_Fiscal"", ""BRGAAP"", ""ESG_Sustentabilidade"", ""COSO"", ""Auditoria_Operacional"", ""SOX""]",9,"[""Governo_PublicSector"", ""Saude_Farma"", ""Telecomunicacoes"", ""Varejo_Consumo""]",4,"[""CIA"", ""CFE"", ""CFA""]",3,4.9,1,0,4.89,2026-06-18,0,1,1,1,1,0,0,1,1,0,1,0,0,1,1,0,1,0,1,0,0,1,0,0,0,1,1,0,0,1,0,1
AUD-0075,Gerente,3,17,"[""ESG_Sustentabilidade"", ""USGAAP"", ""COSO"", ""ISO27001"", ""CISA"", ""Auditoria_Operacional"", ""Forensics_Antilavagem"", ""IFRS"", ""BRGAAP"", ""Auditoria_Fiscal""]",10,"[""Telecomunicacoes"", ""Governo_PublicSector"", ""Energia_Utilities""]",3,"[""CFE"", ""CRC"", ""CFA""]",3,30.2,1,0,4.36,2026-08-04,1,1,1,0,1,1,1,0,1,0,1,0,1,1,0,0,0,0,1,1,0,1,0,0,1,0,0,0,0,1,0,1
AUD-0076,Senior,1,5,"[""Auditoria_Financeira"", ""CISA"", ""SOX"", ""Auditoria_Compliance"", ""Forensics_Antilavagem"", ""Auditoria_TI"", ""ISO27001""]",7,"[""Tecnologia""]",1,"[""CPA""]",1,36.2,1,0,3.6,2026-07-02,0,0,0,1,0,1,1,1,0,1,0,1,1,0,0,1,0,0,0,0,0,0,0,0,0,0,0,0,1,0,0,0
AUD-0077,Socio,4,21,"[""ISO27001"", ""Gestao_Riscos"", ""Auditoria_Fiscal"", ""Forensics_Antilavagem"", ""BRGAAP"", ""Auditoria_Financeira"", ""IFRS"", ""Auditoria_Compliance"", ""COSO"", ""ESG_Sustentabilidade"", ""Auditoria_TI"", ""Auditoria_Operacional""]",12,"[""Seguros"", ""Agronegocio"", ""Governo_PublicSector"", ""Financeiro_Bancario""]",4,"[""ACCA"", ""CIA"", ""CFE"", ""CFA"", ""CPA""]",5,63.6,1,1,4.74,2026-06-18,1,0,1,0,1,0,1,1,1,1,1,1,1,1,1,1,1,0,1,0,1,1,1,1,0,0,0,0,0,1,1,0
AUD-0078,Senior,1,6,"[""Auditoria_Compliance"", ""ISO27001"", ""Auditoria_Fiscal"", ""USGAAP"", ""CISA"", ""Auditoria_Operacional"", ""ESG_Sustentabilidade""]",7,"[""Governo_PublicSector"", ""Agronegocio""]",2,"[""CPA"", ""CRC""]",2,91.9,0,1,4.0,2026-05-28,0,1,0,0,0,1,1,0,1,0,1,1,0,1,0,1,0,0,0,1,0,0,0,0,0,0,0,0,0,1,1,0
AUD-0079,Socio,4,23,"[""SOX"", ""Auditoria_Compliance"", ""USGAAP"", ""ISO27001"", ""Forensics_Antilavagem"", ""Auditoria_Fiscal"", ""Auditoria_Financeira"", ""BRGAAP"", ""CISA"", ""Auditoria_Operacional""]",10,"[""Financeiro_Bancario""]",1,"[""CISA"", ""CPA"", ""CFA"", ""CRC"", ""CIA""]",5,30.9,1,0,4.19,2026-06-19,0,1,1,1,0,1,1,1,1,0,1,1,1,0,0,1,1,1,0,1,0,1,1,0,0,0,0,0,0,0,0,0
AUD-0080,Senior,1,6,"[""Auditoria_Fiscal"", ""Forensics_Antilavagem"", ""BRGAAP"", ""ESG_Sustentabilidade"", ""Auditoria_Compliance"", ""USGAAP""]",6,"[""Tecnologia"", ""Saude_Farma"", ""Governo_PublicSector""]",3,[],0,72.5,1,0,3.07,2026-05-16,0,1,1,0,0,0,0,0,0,0,1,1,1,1,0,0,0,0,0,0,0,0,0,0,0,1,0,0,1,1,0,0
AUD-0081,Senior,1,6,"[""COSO"", ""Auditoria_Financeira"", ""Gestao_Riscos"", ""Auditoria_Fiscal"", ""IFRS"", ""ESG_Sustentabilidade""]",6,"[""Agronegocio"", ""Energia_Utilities""]",2,"[""CPA""]",1,36.3,1,0,3.22,2026-05-22,1,0,0,0,1,0,0,1,0,0,1,0,0,1,1,1,0,0,0,0,0,0,0,0,1,0,0,0,0,0,1,0
AUD-0082,Supervisor,2,9,"[""Auditoria_Fiscal"", ""ISO27001"", ""Auditoria_Compliance"", ""COSO"", ""Auditoria_Financeira"", ""Forensics_Antilavagem"", ""SOX"", ""ESG_Sustentabilidade""]",8,"[""Seguros"", ""Saude_Farma"", ""Tecnologia"", ""Varejo_Consumo""]",4,"[""CISA"", ""CRC"", ""CFA""]",3,91.0,1,0,3.81,2026-05-21,0,0,0,1,1,0,1,1,0,0,1,1,1,1,0,0,0,1,0,1,0,1,0,1,0,1,1,0,1,0,0,0
AUD-0083,Socio,4,22,"[""Auditoria_Fiscal"", ""ISO27001"", ""COSO"", ""IFRS"", ""Auditoria_TI"", ""Auditoria_Compliance"", ""Auditoria_Financeira"", ""Forensics_Antilavagem"", ""ESG_Sustentabilidade"", ""USGAAP"", ""Auditoria_Operacional"", ""BRGAAP"", ""Gestao_Riscos""]",13,"[""Telecomunicacoes"", ""Varejo_Consumo""]",2,"[""ACCA"", ""CFA"", ""CIA"", ""CPA"", ""CISA""]",5,61.0,1,0,5.0,2026-05-15,1,1,1,0,1,0,1,1,1,1,1,1,1,1,1,1,1,1,0,0,1,1,0,0,0,0,1,0,0,0,0,1
AUD-0084,Senior,1,6,"[""Auditoria_TI"", ""CISA"", ""Auditoria_Compliance"", ""BRGAAP"", ""USGAAP"", ""COSO"", ""ESG_Sustentabilidade""]",7,"[""Tecnologia"", ""Energia_Utilities"", ""Saude_Farma""]",3,[],0,55.9,0,0,2.94,2026-05-31,0,1,1,0,1,1,0,0,0,1,0,1,0,1,0,0,0,0,0,0,0,0,0,0,1,1,0,0,1,0,0,0
AUD-0085,Socio,4,22,"[""Auditoria_Operacional"", ""Gestao_Riscos"", ""COSO"", ""BRGAAP"", ""Forensics_Antilavagem"", ""Auditoria_Financeira"", ""Auditoria_Fiscal"", ""CISA"", ""ISO27001"", ""IFRS"", ""SOX""]",11,"[""Energia_Utilities""]",1,"[""CFA"", ""CIA"", ""CFE"", ""CISA"", ""CPA""]",5,19.2,1,0,4.71,2026-05-16,1,0,1,1,1,1,1,1,1,0,1,0,1,0,1,1,1,1,1,0,0,1,0,0,1,0,0,0,0,0,0,0
AUD-0086,Senior,1,5,"[""Auditoria_Financeira"", ""CISA"", ""Auditoria_Fiscal"", ""Auditoria_Compliance""]",4,"[""Varejo_Consumo"", ""Tecnologia"", ""Industria_Manufacturing""]",3,"[""CPA""]",1,25.2,1,0,2.47,2026-05-27,0,0,0,0,0,1,0,1,0,0,1,1,0,0,0,1,0,0,0,0,0,0,0,0,0,0,1,1,1,0,0,0
AUD-0087,Supervisor,2,9,"[""Auditoria_Operacional"", ""CISA"", ""Auditoria_TI"", ""SOX"", ""Auditoria_Fiscal"", ""USGAAP""]",6,"[""Varejo_Consumo"", ""Tecnologia"", ""Seguros"", ""Governo_PublicSector""]",4,"[""CPA"", ""CFA"", ""CISA""]",3,36.3,1,0,3.83,2026-05-20,0,1,0,1,0,1,0,0,1,1,1,0,0,0,0,1,0,1,0,0,0,1,0,1,0,0,1,0,1,1,0,0
AUD-0088,Junior,0,0,"[""Auditoria_Operacional"", ""BRGAAP"", ""ISO27001""]",3,"[""Industria_Manufacturing"", ""Agronegocio""]",2,[],0,70.0,1,1,2.56,2026-11-04,0,0,1,0,0,0,1,0,1,0,0,0,0,0,0,0,0,0,0,0,0,0,0,0,0,0,0,1,0,0,1,0
AUD-0089,Junior,0,4,"[""ISO27001"", ""Auditoria_Fiscal""]",2,"[""Governo_PublicSector""]",1,[],0,47.4,1,1,2.94,2026-05-21,0,0,0,0,0,0,1,0,0,0,1,0,0,0,0,0,0,0,0,0,0,0,0,0,0,0,0,0,0,1,0,0
AUD-0090,Senior,1,3,"[""Auditoria_Compliance"", ""CISA"", ""SOX"", ""Auditoria_Financeira"", ""Gestao_Riscos"", ""Forensics_Antilavagem"", ""ESG_Sustentabilidade""]",7,"[""Industria_Manufacturing""]",1,"[""CRC"", ""ACCA""]",2,43.8,1,0,4.0,2026-06-01,0,0,0,1,0,1,0,1,0,0,0,1,1,1,1,0,0,0,0,1,1,0,0,0,0,0,0,1,0,0,0,0
AUD-0091,Junior,0,2,"[""USGAAP"", ""ESG_Sustentabilidade"", ""Auditoria_Financeira"", ""Gestao_Riscos""]",4,"[""Telecomunicacoes""]",1,[],0,8.4,1,0,2.93,2026-07-22,0,1,0,0,0,0,0,1,0,0,0,0,0,1,1,0,0,0,0,0,0,0,0,0,0,0,0,0,0,0,0,1
AUD-0092,Senior,1,6,"[""BRGAAP"", ""Forensics_Antilavagem"", ""Auditoria_TI"", ""SOX"", ""USGAAP"", ""Auditoria_Operacional""]",6,"[""Telecomunicacoes""]",1,"[""CIA""]",1,32.6,1,0,2.53,2026-05-21,0,1,1,1,0,0,0,0,1,1,0,0,1,0,0,0,1,0,0,0,0,0,0,0,0,0,0,0,0,0,0,1
AUD-0093,Gerente,3,17,"[""Forensics_Antilavagem"", ""Auditoria_TI"", ""IFRS"", ""COSO"", ""BRGAAP"", ""Auditoria_Fiscal"", ""Auditoria_Operacional"", ""Auditoria_Compliance""]",8,"[""Seguros"", ""Financeiro_Bancario""]",2,"[""CIA"", ""CPA"", ""CISA"", ""CFA""]",4,50.1,1,0,4.49,2026-07-03,1,0,1,0,1,0,0,0,1,1,1,1,1,0,0,1,1,1,0,0,0,1,1,1,0,0,0,0,0,0,0,0
AUD-0094,Senior,1,4,"[""BRGAAP"", ""Auditoria_Compliance"", ""ISO27001"", ""Auditoria_Operacional"", ""USGAAP""]",5,"[""Seguros"", ""Governo_PublicSector"", ""Agronegocio""]",3,"[""CFA"", ""CISA""]",2,85.5,1,0,3.04,2026-06-14,0,1,1,0,0,0,1,0,1,0,0,1,0,0,0,0,0,1,0,0,0,1,0,1,0,0,0,0,0,1,1,0
AUD-0095,Senior,1,5,"[""Auditoria_TI"", ""IFRS"", ""Auditoria_Compliance"", ""Auditoria_Fiscal"", ""Auditoria_Operacional"", ""COSO"", ""Auditoria_Financeira""]",7,"[""Financeiro_Bancario"", ""Telecomunicacoes"", ""Governo_PublicSector""]",3,[],0,36.2,1,0,3.78,2026-06-13,1,0,0,0,1,0,0,1,1,1,1,1,0,0,0,0,0,0,0,0,0,0,1,0,0,0,0,0,0,1,0,1
AUD-0096,Junior,0,2,"[""Auditoria_Compliance"", ""Auditoria_Financeira"", ""USGAAP"", ""Forensics_Antilavagem""]",4,"[""Telecomunicacoes"", ""Energia_Utilities""]",2,"[""CPA""]",1,49.3,0,1,3.41,2026-05-28,0,1,0,0,0,0,0,1,0,0,0,1,1,0,0,1,0,0,0,0,0,0,0,0,1,0,0,0,0,0,0,1
AUD-0097,Supervisor,2,7,"[""Auditoria_Compliance"", ""CISA"", ""ISO27001"", ""Auditoria_TI"", ""Auditoria_Operacional"", ""COSO"", ""Auditoria_Financeira""]",7,"[""Seguros"", ""Telecomunicacoes"", ""Saude_Farma"", ""Governo_PublicSector""]",4,"[""CFE"", ""CIA""]",2,55.5,1,1,3.31,2026-06-03,0,0,0,0,1,1,1,1,1,1,0,1,0,0,0,0,1,0,1,0,0,0,0,1,0,1,0,0,0,1,0,1
AUD-0098,Senior,1,3,"[""Auditoria_Compliance"", ""USGAAP"", ""CISA"", ""ISO27001""]",4,"[""Varejo_Consumo"", ""Industria_Manufacturing""]",2,"[""CIA""]",1,35.7,1,0,4.05,2026-06-15,0,1,0,0,0,1,1,0,0,0,0,1,0,0,0,0,1,0,0,0,0,0,0,0,0,0,1,1,0,0,0,0
AUD-0099,Junior,0,0,"[""USGAAP"", ""Gestao_Riscos""]",2,"[""Seguros"", ""Industria_Manufacturing""]",2,[],0,30.2,1,0,3.22,2026-07-04,0,1,0,0,0,0,0,0,0,0,0,0,0,0,1,0,0,0,0,0,0,0,0,1,0,0,0,1,0,0,0,0
AUD-0100,Supervisor,2,6,"[""Auditoria_Operacional"", ""Gestao_Riscos"", ""CISA"", ""Auditoria_Fiscal"", ""USGAAP"", ""ISO27001""]",6,"[""Tecnologia"", ""Financeiro_Bancario"", ""Varejo_Consumo""]",3,"[""CRC""]",1,61.5,1,0,3.83,2026-05-24,0,1,0,0,0,1,1,0,1,0,1,0,0,0,1,0,0,0,0,1,0,0,1,0,0,0,1,0,1,0,0,0
AUD-0101,Senior,1,5,"[""BRGAAP"", ""Auditoria_Fiscal"", ""Auditoria_Financeira"", ""SOX"", ""USGAAP""]",5,"[""Agronegocio"", ""Industria_Manufacturing""]",2,[],0,75.5,0,0,2.89,2026-05-16,0,1,1,1,0,0,0,1,0,0,1,0,0,0,0,0,0,0,0,0,0,0,0,0,0,0,0,1,0,0,1,0
AUD-0102,Junior,0,1,"[""ISO27001"", ""ESG_Sustentabilidade"", ""Auditoria_Operacional"", ""Auditoria_TI""]",4,"[""Telecomunicacoes""]",1,[],0,47.3,1,1,2.44,2026-05-28,0,0,0,0,0,0,1,0,1,1,0,0,0,1,0,0,0,0,0,0,0,0,0,0,0,0,0,0,0,0,0,1
AUD-0103,Senior,1,2,"[""BRGAAP"", ""COSO"", ""Auditoria_Compliance"", ""ESG_Sustentabilidade"", ""CISA"", ""Auditoria_Fiscal""]",6,"[""Energia_Utilities""]",1,"[""CFA""]",1,59.0,0,1,3.47,2026-05-22,0,0,1,0,1,1,0,0,0,0,1,1,0,1,0,0,0,0,0,0,0,1,0,0,1,0,0,0,0,0,0,0
AUD-0104,Junior,0,0,"[""Auditoria_Compliance"", ""Auditoria_Fiscal"", ""IFRS""]",3,"[""Agronegocio""]",1,"[""CIA""]",1,33.5,1,0,2.72,2026-05-17,1,0,0,0,0,0,0,0,0,0,1,1,0,0,0,0,1,0,0,0,0,0,0,0,0,0,0,0,0,0,1,0
AUD-0105,Junior,0,0,"[""COSO"", ""Auditoria_Compliance"", ""CISA"", ""Auditoria_TI""]",4,"[""Financeiro_Bancario""]",1,[],0,61.0,0,1,2.76,2026-06-30,0,0,0,0,1,1,0,0,0,1,0,1,0,0,0,0,0,0,0,0,0,0,1,0,0,0,0,0,0,0,0,0
AUD-0106,Junior,0,1,"[""USGAAP"", ""COSO"", ""Auditoria_Financeira"", ""Auditoria_Fiscal"", ""ISO27001""]",5,"[""Telecomunicacoes"", ""Governo_PublicSector""]",2,[],0,40.9,1,0,3.02,2026-07-24,0,1,0,0,1,0,1,1,0,0,1,0,0,0,0,0,0,0,0,0,0,0,0,0,0,0,0,0,0,1,0,1
AUD-0107,Senior,1,4,"[""CISA"", ""ISO27001"", ""USGAAP"", ""COSO"", ""Auditoria_Fiscal"", ""Auditoria_TI"", ""Auditoria_Financeira""]",7,"[""Varejo_Consumo"", ""Financeiro_Bancario"", ""Saude_Farma""]",3,"[""CFE"", ""CRC""]",2,42.0,0,0,2.9,2026-05-26,0,1,0,0,1,1,1,1,0,1,1,0,0,0,0,0,0,0,1,1,0,0,1,0,0,1,1,0,0,0,0,0
AUD-0108,Socio,4,25,"[""Forensics_Antilavagem"", ""BRGAAP"", ""Gestao_Riscos"", ""COSO"", ""Auditoria_Compliance"", ""CISA"", ""USGAAP"", ""IFRS"", ""SOX"", ""Auditoria_TI"", ""ISO27001"", ""Auditoria_Operacional""]",12,"[""Tecnologia"", ""Agronegocio""]",2,"[""ACCA"", ""CIA"", ""CRC""]",3,23.9,1,1,4.76,2026-05-16,1,1,1,1,1,1,1,0,1,1,0,1,1,0,1,0,1,0,0,1,1,0,0,0,0,0,0,0,1,0,1,0
AUD-0109,Senior,1,5,"[""ISO27001"", ""ESG_Sustentabilidade"", ""Auditoria_Compliance"", ""IFRS"", ""Gestao_Riscos"", ""Forensics_Antilavagem""]",6,"[""Seguros"", ""Industria_Manufacturing""]",2,"[""CRC""]",1,74.9,1,0,3.06,2026-07-18,1,0,0,0,0,0,1,0,0,0,0,1,1,1,1,0,0,0,0,1,0,0,0,1,0,0,0,1,0,0,0,0
AUD-0110,Supervisor,2,12,"[""COSO"", ""USGAAP"", ""ISO27001"", ""IFRS"", ""CISA"", ""BRGAAP"", ""Auditoria_Financeira"", ""Auditoria_Fiscal""]",8,"[""Tecnologia""]",1,"[""CFA"", ""CPA""]",2,42.3,0,0,3.44,2026-06-13,1,1,1,0,1,1,1,1,0,0,1,0,0,0,0,1,0,0,0,0,0,1,0,0,0,0,0,0,1,0,0,0
AUD-0111,Senior,1,5,"[""ISO27001"", ""ESG_Sustentabilidade"", ""COSO"", ""Auditoria_Compliance"", ""CISA"", ""SOX"", ""Auditoria_Fiscal""]",7,"[""Seguros""]",1,[],0,15.3,1,0,3.69,2026-07-02,0,0,0,1,1,1,1,0,0,0,1,1,0,1,0,0,0,0,0,0,0,0,0,1,0,0,0,0,0,0,0,0
AUD-0112,Senior,1,4,"[""Gestao_Riscos"", ""Forensics_Antilavagem"", ""CISA"", ""ESG_Sustentabilidade"", ""Auditoria_Fiscal"", ""BRGAAP""]",6,"[""Seguros""]",1,"[""CIA""]",1,80.3,0,0,3.77,2026-09-16,0,0,1,0,0,1,0,0,0,0,1,0,1,1,1,0,1,0,0,0,0,0,0,1,0,0,0,0,0,0,0,0
AUD-0113,Junior,0,1,"[""Forensics_Antilavagem"", ""Auditoria_Fiscal"", ""USGAAP""]",3,"[""Governo_PublicSector""]",1,[],0,52.7,1,0,2.88,2026-05-25,0,1,0,0,0,0,0,0,0,0,1,0,1,0,0,0,0,0,0,0,0,0,0,0,0,0,0,0,0,1,0,0
AUD-0114,Supervisor,2,6,"[""Auditoria_Fiscal"", ""Auditoria_TI"", ""Gestao_Riscos"", ""Forensics_Antilavagem"", ""ESG_Sustentabilidade"", ""CISA"", ""Auditoria_Compliance"", ""BRGAAP"", ""SOX""]",9,"[""Governo_PublicSector""]",1,"[""CFE"", ""ACCA""]",2,27.8,1,0,3.63,2026-07-17,0,0,1,1,0,1,0,0,0,1,1,1,1,1,1,0,0,0,1,0,1,0,0,0,0,0,0,0,0,1,0,0
AUD-0115,Junior,0,0,"[""Auditoria_Operacional"", ""USGAAP"", ""COSO""]",3,"[""Governo_PublicSector"", ""Financeiro_Bancario""]",2,"[""CPA""]",1,47.1,1,0,3.25,2026-05-18,0,1,0,0,1,0,0,0,1,0,0,0,0,0,0,1,0,0,0,0,0,0,1,0,0,0,0,0,0,1,0,0
AUD-0116,Supervisor,2,7,"[""ESG_Sustentabilidade"", ""USGAAP"", ""Auditoria_TI"", ""Forensics_Antilavagem"", ""Auditoria_Operacional"", ""ISO27001"", ""Auditoria_Financeira"", ""IFRS""]",8,"[""Telecomunicacoes"", ""Saude_Farma"", ""Industria_Manufacturing"", ""Varejo_Consumo""]",4,"[""CFE"", ""CRC""]",2,43.6,0,0,3.91,2026-05-22,1,1,0,0,0,0,1,1,1,1,0,0,1,1,0,0,0,0,1,1,0,0,0,0,0,1,1,1,0,0,0,1
AUD-0117,Junior,0,2,"[""Gestao_Riscos"", ""ESG_Sustentabilidade""]",2,"[""Seguros"", ""Agronegocio""]",2,"[""ACCA""]",1,26.5,0,0,3.07,2026-07-22,0,0,0,0,0,0,0,0,0,0,0,0,0,1,1,0,0,0,0,0,1,0,0,1,0,0,0,0,0,0,1,0
AUD-0118,Senior,1,3,"[""Auditoria_Financeira"", ""Auditoria_Operacional"", ""ESG_Sustentabilidade"", ""Auditoria_TI"", ""BRGAAP"", ""CISA""]",6,"[""Varejo_Consumo"", ""Tecnologia""]",2,"[""CFE""]",1,60.5,1,1,3.35,2026-05-29,0,0,1,0,0,1,0,1,1,1,0,0,0,1,0,0,0,0,1,0,0,0,0,0,0,0,1,0,1,0,0,0
AUD-0119,Junior,0,2,"[""Auditoria_Fiscal"", ""Gestao_Riscos"", ""CISA"", ""USGAAP""]",4,"[""Seguros"", ""Agronegocio""]",2,[],0,49.1,1,0,2.93,2026-05-28,0,1,0,0,0,1,0,0,0,0,1,0,0,0,1,0,0,0,0,0,0,0,0,1,0,0,0,0,0,0,1,0
AUD-0120,Supervisor,2,6,"[""Auditoria_Fiscal"", ""Auditoria_TI"", ""BRGAAP"", ""CISA"", ""USGAAP"", ""ESG_Sustentabilidade"", ""Forensics_Antilavagem"", ""Auditoria_Compliance"", ""Auditoria_Operacional""]",9,"[""Energia_Utilities"", ""Seguros"", ""Varejo_Consumo"", ""Governo_PublicSector""]",4,"[""CFE"", ""ACCA"", ""CISA""]",3,23.7,1,1,3.49,2026-07-11,0,1,1,0,0,1,0,0,1,1,1,1,1,1,0,0,0,1,1,0,1,0,0,1,1,0,1,0,0,1,0,0
AUD-0121,Gerente,3,14,"[""Auditoria_Compliance"", ""Auditoria_Fiscal"", ""Auditoria_Operacional"", ""USGAAP"", ""ESG_Sustentabilidade"", ""ISO27001"", ""Forensics_Antilavagem"", ""CISA"", ""IFRS"", ""BRGAAP"", ""Auditoria_Financeira""]",11,"[""Saude_Farma"", ""Industria_Manufacturing""]",2,"[""CFA"", ""CFE""]",2,87.5,0,1,4.37,2026-05-24,1,1,1,0,0,1,1,1,1,0,1,1,1,1,0,0,0,0,1,0,0,1,0,0,0,1,0,1,0,0,0,0
AUD-0122,Junior,0,3,"[""COSO"", ""ESG_Sustentabilidade"", ""Forensics_Antilavagem""]",3,"[""Agronegocio""]",1,"[""CFA""]",1,33.1,1,1,2.53,2026-08-02,0,0,0,0,1,0,0,0,0,0,0,0,1,1,0,0,0,0,0,0,0,1,0,0,0,0,0,0,0,0,1,0
AUD-0123,Senior,1,2,"[""Auditoria_Fiscal"", ""CISA"", ""Forensics_Antilavagem"", ""Auditoria_TI"", ""BRGAAP"", ""Auditoria_Compliance"", ""ISO27001""]",7,"[""Energia_Utilities""]",1,"[""CIA"", ""ACCA""]",2,22.3,1,1,3.82,2026-05-15,0,0,1,0,0,1,1,0,0,1,1,1,1,0,0,0,1,0,0,0,1,0,0,0,1,0,0,0,0,0,0,0
AUD-0124,Junior,0,0,"[""Auditoria_Financeira"", ""IFRS"", ""ISO27001"", ""CISA"", ""Auditoria_Fiscal""]",5,"[""Governo_PublicSector""]",1,"[""CRC""]",1,57.3,0,1,2.68,2026-05-21,1,0,0,0,0,1,1,1,0,0,1,0,0,0,0,0,0,0,0,1,0,0,0,0,0,0,0,0,0,1,0,0
AUD-0125,Senior,1,5,"[""Auditoria_Operacional"", ""SOX"", ""COSO"", ""Auditoria_Financeira""]",4,"[""Industria_Manufacturing""]",1,"[""ACCA""]",1,92.3,1,1,3.24,2026-05-15,0,0,0,1,1,0,0,1,1,0,0,0,0,0,0,0,0,0,0,0,1,0,0,0,0,0,0,1,0,0,0,0
AUD-0126,Senior,1,2,"[""COSO"", ""Forensics_Antilavagem"", ""ISO27001"", ""Auditoria_Operacional""]",4,"[""Tecnologia"", ""Energia_Utilities"", ""Saude_Farma""]",3,"[""CFA""]",1,90.1,1,1,3.47,2026-05-17,0,0,0,0,1,0,1,0,1,0,0,0,1,0,0,0,0,0,0,0,0,1,0,0,1,1,0,0,1,0,0,0
AUD-0127,Junior,0,1,"[""Auditoria_Financeira"", ""ESG_Sustentabilidade"", ""CISA"", ""Auditoria_Operacional""]",4,"[""Agronegocio""]",1,[],0,46.4,1,0,3.81,2026-06-11,0,0,0,0,0,1,0,1,1,0,0,0,0,1,0,0,0,0,0,0,0,0,0,0,0,0,0,0,0,0,1,0
AUD-0128,Gerente,3,12,"[""COSO"", ""Auditoria_Financeira"", ""Auditoria_Operacional"", ""BRGAAP"", ""ISO27001"", ""USGAAP"", ""SOX"", ""ESG_Sustentabilidade"", ""Auditoria_Compliance"", ""IFRS"", ""Forensics_Antilavagem""]",11,"[""Tecnologia""]",1,"[""CRC"", ""CISA"", ""CIA"", ""CFE""]",4,75.9,1,0,4.05,2026-08-09,1,1,1,1,1,0,1,1,1,0,0,1,1,1,0,0,1,1,1,1,0,0,0,0,0,0,0,0,1,0,0,0
AUD-0129,Junior,0,0,"[""Gestao_Riscos"", ""USGAAP"", ""Auditoria_Compliance"", ""Auditoria_Fiscal""]",4,"[""Energia_Utilities"", ""Telecomunicacoes""]",2,[],0,32.7,0,1,3.19,2026-05-22,0,1,0,0,0,0,0,0,0,0,1,1,0,0,1,0,0,0,0,0,0,0,0,0,1,0,0,0,0,0,0,1
AUD-0130,Senior,1,4,"[""ESG_Sustentabilidade"", ""BRGAAP"", ""Forensics_Antilavagem"", ""Auditoria_Compliance"", ""Auditoria_Financeira"", ""Auditoria_Fiscal""]",6,"[""Financeiro_Bancario"", ""Seguros"", ""Telecomunicacoes""]",3,"[""CISA"", ""CIA""]",2,18.7,1,0,3.09,2026-07-14,0,0,1,0,0,0,0,1,0,0,1,1,1,1,0,0,1,1,0,0,0,0,1,1,0,0,0,0,0,0,0,1
AUD-0131,Supervisor,2,8,"[""Auditoria_Operacional"", ""ISO27001"", ""USGAAP"", ""COSO"", ""SOX"", ""Auditoria_Compliance"", ""Forensics_Antilavagem"", ""IFRS"", ""Gestao_Riscos""]",9,"[""Telecomunicacoes"", ""Governo_PublicSector"", ""Seguros"", ""Financeiro_Bancario""]",4,"[""CFA"", ""CFE""]",2,30.5,1,0,3.84,2026-06-28,1,1,0,1,1,0,1,0,1,0,0,1,1,0,1,0,0,0,1,0,0,1,1,1,0,0,0,0,0,1,0,1
AUD-0132,Senior,1,4,"[""SOX"", ""Auditoria_Compliance"", ""BRGAAP"", ""COSO"", ""ISO27001""]",5,"[""Telecomunicacoes""]",1,"[""CISA""]",1,39.5,0,0,3.48,2026-07-01,0,0,1,1,1,0,1,0,0,0,0,1,0,0,0,0,0,1,0,0,0,0,0,0,0,0,0,0,0,0,0,1
AUD-0133,Supervisor,2,9,"[""USGAAP"", ""Auditoria_Operacional"", ""CISA"", ""Gestao_Riscos"", ""ESG_Sustentabilidade"", ""Auditoria_Fiscal""]",6,"[""Tecnologia""]",1,"[""CFA"", ""CFE""]",2,15.2,0,0,3.75,2026-05-24,0,1,0,0,0,1,0,0,1,0,1,0,0,1,1,0,0,0,1,0,0,1,0,0,0,0,0,0,1,0,0,0
AUD-0134,Senior,1,2,"[""Auditoria_Compliance"", ""IFRS"", ""CISA"", ""USGAAP"", ""Forensics_Antilavagem"", ""SOX"", ""Gestao_Riscos""]",7,"[""Industria_Manufacturing"", ""Energia_Utilities"", ""Financeiro_Bancario""]",3,"[""CISA"", ""CRC""]",2,82.4,1,1,3.76,2026-06-26,1,1,0,1,0,1,0,0,0,0,0,1,1,0,1,0,0,1,0,1,0,0,1,0,1,0,0,1,0,0,0,0
AUD-0135,Gerente,3,15,"[""Auditoria_Fiscal"", ""Auditoria_Financeira"", ""Auditoria_Compliance"", ""ESG_Sustentabilidade"", ""Gestao_Riscos"", ""BRGAAP"", ""Auditoria_TI"", ""USGAAP"", ""CISA"", ""SOX"", ""IFRS""]",11,"[""Saude_Farma"", ""Financeiro_Bancario"", ""Telecomunicacoes""]",3,"[""CPA"", ""CISA"", ""ACCA""]",3,46.3,1,1,4.17,2026-05-15,1,1,1,1,0,1,0,1,0,1,1,1,0,1,1,1,0,1,0,0,1,0,1,0,0,1,0,0,0,0,0,1
AUD-0136,Senior,1,2,"[""COSO"", ""IFRS"", ""Forensics_Antilavagem"", ""Auditoria_Fiscal"", ""SOX""]",5,"[""Industria_Manufacturing"", ""Financeiro_Bancario""]",2,"[""CFA""]",1,63.2,1,0,3.43,2026-07-18,1,0,0,1,1,0,0,0,0,0,1,0,1,0,0,0,0,0,0,0,0,1,1,0,0,0,0,1,0,0,0,0
AUD-0137,Gerente,3,12,"[""ISO27001"", ""Gestao_Riscos"", ""Auditoria_Compliance"", ""Auditoria_Financeira"", ""ESG_Sustentabilidade"", ""CISA"", ""BRGAAP"", ""Forensics_Antilavagem"", ""Auditoria_TI""]",9,"[""Industria_Manufacturing"", ""Agronegocio"", ""Varejo_Consumo"", ""Tecnologia""]",4,"[""CPA"", ""ACCA""]",2,24.5,1,0,4.35,2026-07-05,0,0,1,0,0,1,1,1,0,1,0,1,1,1,1,1,0,0,0,0,1,0,0,0,0,0,1,1,1,0,1,0
AUD-0138,Socio,4,20,"[""BRGAAP"", ""Auditoria_Operacional"", ""COSO"", ""CISA"", ""USGAAP"", ""Auditoria_Fiscal"", ""Auditoria_Compliance"", ""Forensics_Antilavagem"", ""Gestao_Riscos"", ""SOX"", ""Auditoria_Financeira""]",11,"[""Energia_Utilities"", ""Governo_PublicSector"", ""Industria_Manufacturing"", ""Saude_Farma""]",4,"[""CPA"", ""ACCA"", ""CISA"", ""CFE"", ""CIA""]",5,54.0,1,1,5.0,2026-06-12,0,1,1,1,1,1,0,1,1,0,1,1,1,0,1,1,1,1,1,0,1,0,0,0,1,1,0,1,0,1,0,0
AUD-0139,Junior,0,3,"[""Auditoria_Fiscal"", ""Gestao_Riscos""]",2,"[""Industria_Manufacturing"", ""Agronegocio""]",2,[],0,60.9,1,1,3.26,2026-06-11,0,0,0,0,0,0,0,0,0,0,1,0,0,0,1,0,0,0,0,0,0,0,0,0,0,0,0,1,0,0,1,0
AUD-0140,Socio,4,24,"[""BRGAAP"", ""ESG_Sustentabilidade"", ""Auditoria_TI"", ""Auditoria_Fiscal"", ""Auditoria_Financeira"", ""IFRS"", ""Gestao_Riscos"", ""USGAAP"", ""Auditoria_Compliance"", ""CISA"", ""Auditoria_Operacional""]",11,"[""Tecnologia"", ""Financeiro_Bancario"", ""Energia_Utilities""]",3,"[""ACCA"", ""CFE"", ""CISA"", ""CRC""]",4,38.5,1,0,4.76,2026-06-15,1,1,1,0,0,1,0,1,1,1,1,1,0,1,1,0,0,1,1,1,1,0,1,0,1,0,0,0,1,0,0,0
AUD-0141,Junior,0,3,"[""CISA"", ""ISO27001""]",2,"[""Varejo_Consumo"", ""Saude_Farma""]",2,[],0,9.4,1,0,2.93,2026-05-16,0,0,0,0,0,1,1,0,0,0,0,0,0,0,0,0,0,0,0,0,0,0,0,0,0,1,1,0,0,0,0,0
AUD-0142,Junior,0,2,"[""Auditoria_Operacional"", ""ISO27001"", ""Gestao_Riscos"", ""USGAAP"", ""COSO""]",5,"[""Governo_PublicSector"", ""Saude_Farma""]",2,[],0,92.7,1,0,2.45,2026-05-31,0,1,0,0,1,0,1,0,1,0,0,0,0,0,1,0,0,0,0,0,0,0,0,0,0,1,0,0,0,1,0,0
AUD-0143,Socio,4,21,"[""Auditoria_Financeira"", ""SOX"", ""USGAAP"", ""BRGAAP"", ""Forensics_Antilavagem"", ""Gestao_Riscos"", ""Auditoria_Compliance"", ""Auditoria_TI"", ""IFRS"", ""CISA"", ""Auditoria_Operacional"", ""COSO""]",12,"[""Agronegocio""]",1,"[""CRC"", ""CISA"", ""ACCA""]",3,37.0,1,1,4.65,2026-06-23,1,1,1,1,1,1,0,1,1,1,0,1,1,0,1,0,0,1,0,1,1,0,0,0,0,0,0,0,0,0,1,0
AUD-0144,Socio,4,23,"[""Auditoria_Fiscal"", ""BRGAAP"", ""Forensics_Antilavagem"", ""CISA"", ""Auditoria_Operacional"", ""SOX"", ""USGAAP"", ""Auditoria_TI"", ""ISO27001"", ""Gestao_Riscos"", ""Auditoria_Compliance""]",11,"[""Financeiro_Bancario"", ""Industria_Manufacturing"", ""Agronegocio"", ""Saude_Farma""]",4,"[""CFA"", ""CRC"", ""CIA"", ""CPA""]",4,36.6,0,0,4.93,2026-07-23,0,1,1,1,0,1,1,0,1,1,1,1,1,0,1,1,1,0,0,1,0,1,1,0,0,1,0,1,0,0,1,0
AUD-0145,Supervisor,2,7,"[""Auditoria_Financeira"", ""Auditoria_Operacional"", ""ISO27001"", ""Forensics_Antilavagem"", ""Auditoria_TI"", ""USGAAP"", ""BRGAAP""]",7,"[""Seguros"", ""Governo_PublicSector"", ""Agronegocio""]",3,"[""ACCA"", ""CRC"", ""CISA""]",3,88.4,0,1,4.29,2026-06-23,0,1,1,0,0,0,1,1,1,1,0,0,1,0,0,0,0,1,0,1,1,0,0,1,0,0,0,0,0,1,1,0
AUD-0146,Supervisor,2,10,"[""Auditoria_TI"", ""BRGAAP"", ""Forensics_Antilavagem"", ""ESG_Sustentabilidade"", ""ISO27001"", ""Auditoria_Operacional"", ""IFRS"", ""USGAAP""]",8,"[""Varejo_Consumo"", ""Energia_Utilities""]",2,"[""CIA"", ""CISA""]",2,54.1,1,0,3.69,2026-05-23,1,1,1,0,0,0,1,0,1,1,0,0,1,1,0,0,1,1,0,0,0,0,0,0,1,0,1,0,0,0,0,0
AUD-0147,Socio,4,23,"[""Auditoria_Operacional"", ""COSO"", ""USGAAP"", ""ESG_Sustentabilidade"", ""SOX"", ""Gestao_Riscos"", ""Auditoria_Compliance"", ""BRGAAP"", ""CISA"", ""Auditoria_Financeira"", ""Auditoria_TI"", ""IFRS"", ""ISO27001""]",13,"[""Telecomunicacoes"", ""Energia_Utilities""]",2,"[""CIA"", ""ACCA"", ""CRC""]",3,69.8,1,1,4.05,2026-05-23,1,1,1,1,1,1,1,1,1,1,0,1,0,1,1,0,1,0,0,1,1,0,0,0,1,0,0,0,0,0,0,1
AUD-0148,Gerente,3,12,"[""Auditoria_TI"", ""IFRS"", ""ESG_Sustentabilidade"", ""USGAAP"", ""Forensics_Antilavagem"", ""Gestao_Riscos"", ""COSO"", ""SOX"", ""ISO27001"", ""Auditoria_Operacional"", ""Auditoria_Financeira""]",11,"[""Governo_PublicSector""]",1,"[""ACCA"", ""CRC""]",2,61.5,0,1,3.98,2026-05-27,1,1,0,1,1,0,1,1,1,1,0,0,1,1,1,0,0,0,0,1,1,0,0,0,0,0,0,0,0,1,0,0
AUD-0149,Senior,1,6,"[""Forensics_Antilavagem"", ""Gestao_Riscos"", ""Auditoria_Fiscal"", ""ISO27001""]",4,"[""Governo_PublicSector"", ""Seguros""]",2,[],0,28.5,1,0,3.45,2026-05-28,0,0,0,0,0,0,1,0,0,0,1,0,1,0,1,0,0,0,0,0,0,0,0,1,0,0,0,0,0,1,0,0
AUD-0150,Senior,1,6,"[""Auditoria_Financeira"", ""SOX"", ""CISA"", ""Auditoria_TI"", ""BRGAAP"", ""Forensics_Antilavagem""]",6,"[""Industria_Manufacturing"", ""Telecomunicacoes"", ""Tecnologia""]",3,[],0,10.8,0,0,3.79,2026-07-13,0,0,1,1,0,1,0,1,0,1,0,0,1,0,0,0,0,0,0,0,0,0,0,0,0,0,0,1,1,0,0,1
AUD-0151,Supervisor,2,10,"[""CISA"", ""SOX"", ""Auditoria_Financeira"", ""USGAAP"", ""COSO"", ""Forensics_Antilavagem"", ""ESG_Sustentabilidade"", ""BRGAAP"", ""IFRS""]",9,"[""Varejo_Consumo""]",1,"[""CFE"", ""CRC""]",2,52.8,1,1,3.45,2026-05-17,1,1,1,1,1,1,0,1,0,0,0,0,1,1,0,0,0,0,1,1,0,0,0,0,0,0,1,0,0,0,0,0
AUD-0152,Socio,4,21,"[""ESG_Sustentabilidade"", ""CISA"", ""Auditoria_TI"", ""Auditoria_Compliance"", ""Gestao_Riscos"", ""SOX"", ""BRGAAP"", ""Auditoria_Financeira"", ""COSO"", ""Forensics_Antilavagem""]",10,"[""Varejo_Consumo"", ""Governo_PublicSector"", ""Financeiro_Bancario"", ""Agronegocio""]",4,"[""CFE"", ""CRC"", ""CFA""]",3,63.5,1,0,3.88,2026-06-06,0,0,1,1,1,1,0,1,0,1,0,1,1,1,1,0,0,0,1,1,0,1,1,0,0,0,1,0,0,1,1,0
AUD-0153,Senior,1,4,"[""IFRS"", ""COSO"", ""Auditoria_Financeira"", ""Auditoria_TI"", ""Auditoria_Fiscal"", ""Forensics_Antilavagem""]",6,"[""Agronegocio"", ""Financeiro_Bancario""]",2,"[""CFA""]",1,84.5,0,0,3.15,2026-07-14,1,0,0,0,1,0,0,1,0,1,1,0,1,0,0,0,0,0,0,0,0,1,1,0,0,0,0,0,0,0,1,0
AUD-0154,Senior,1,6,"[""CISA"", ""Forensics_Antilavagem"", ""ISO27001"", ""Gestao_Riscos"", ""IFRS""]",5,"[""Financeiro_Bancario"", ""Agronegocio""]",2,"[""CIA"", ""CISA""]",2,56.1,1,0,4.36,2026-07-14,1,0,0,0,0,1,1,0,0,0,0,0,1,0,1,0,1,1,0,0,0,0,1,0,0,0,0,0,0,0,1,0
AUD-0155,Senior,1,3,"[""Forensics_Antilavagem"", ""Auditoria_Operacional"", ""COSO"", ""Auditoria_TI"", ""Auditoria_Fiscal"", ""Auditoria_Compliance"", ""USGAAP""]",7,"[""Seguros""]",1,[],0,48.8,1,1,4.05,2026-05-18,0,1,0,0,1,0,0,0,1,1,1,1,1,0,0,0,0,0,0,0,0,0,0,1,0,0,0,0,0,0,0,0
AUD-0156,Senior,1,2,"[""CISA"", ""Forensics_Antilavagem"", ""BRGAAP"", ""SOX"", ""Auditoria_TI"", ""Auditoria_Operacional"", ""ISO27001""]",7,"[""Financeiro_Bancario"", ""Telecomunicacoes"", ""Agronegocio""]",3,"[""CIA""]",1,42.7,1,1,4.05,2026-07-17,0,0,1,1,0,1,1,0,1,1,0,0,1,0,0,0,1,0,0,0,0,0,1,0,0,0,0,0,0,0,1,1
AUD-0157,Senior,1,4,"[""BRGAAP"", ""Auditoria_TI"", ""Auditoria_Operacional"", ""Gestao_Riscos""]",4,"[""Telecomunicacoes"", ""Industria_Manufacturing""]",2,"[""CIA""]",1,87.5,1,1,3.28,2026-07-05,0,0,1,0,0,0,0,0,1,1,0,0,0,0,1,0,1,0,0,0,0,0,0,0,0,0,0,1,0,0,0,1
AUD-0158,Gerente,3,16,"[""Auditoria_TI"", ""CISA"", ""Auditoria_Operacional"", ""Forensics_Antilavagem"", ""Auditoria_Compliance"", ""Auditoria_Financeira"", ""COSO"", ""Gestao_Riscos"", ""ISO27001"", ""IFRS"", ""BRGAAP""]",11,"[""Seguros"", ""Tecnologia"", ""Varejo_Consumo""]",3,"[""CFA"", ""ACCA"", ""CPA""]",3,46.3,1,0,4.74,2026-05-29,1,0,1,0,1,1,1,1,1,1,0,1,1,0,1,1,0,0,0,0,1,1,0,1,0,0,1,0,1,0,0,0
AUD-0159,Supervisor,2,6,"[""Forensics_Antilavagem"", ""Auditoria_TI"", ""ESG_Sustentabilidade"", ""SOX"", ""IFRS"", ""Gestao_Riscos""]",6,"[""Energia_Utilities"", ""Agronegocio"", ""Tecnologia"", ""Seguros""]",4,"[""CFA""]",1,67.1,1,0,4.36,2026-06-12,1,0,0,1,0,0,0,0,0,1,0,0,1,1,1,0,0,0,0,0,0,1,0,1,1,0,0,0,1,0,1,0
AUD-0160,Socio,4,23,"[""USGAAP"", ""SOX"", ""IFRS"", ""Auditoria_Financeira"", ""CISA"", ""ISO27001"", ""BRGAAP"", ""Auditoria_TI"", ""Auditoria_Fiscal"", ""Gestao_Riscos"", ""ESG_Sustentabilidade""]",11,"[""Financeiro_Bancario"", ""Energia_Utilities"", ""Saude_Farma"", ""Varejo_Consumo""]",4,"[""CISA"", ""ACCA"", ""CFE""]",3,71.9,1,0,3.94,2026-06-10,1,1,1,1,0,1,1,1,0,1,1,0,0,1,1,0,0,1,1,0,1,0,1,0,1,1,1,0,0,0,0,0
AUD-0161,Junior,0,0,"[""Gestao_Riscos"", ""Auditoria_Operacional"", ""CISA"", ""ESG_Sustentabilidade"", ""Forensics_Antilavagem""]",5,"[""Telecomunicacoes"", ""Governo_PublicSector""]",2,"[""CIA""]",1,96.1,1,0,3.53,2026-05-31,0,0,0,0,0,1,0,0,1,0,0,0,1,1,1,0,1,0,0,0,0,0,0,0,0,0,0,0,0,1,0,1
AUD-0162,Senior,1,4,"[""COSO"", ""Forensics_Antilavagem"", ""Gestao_Riscos"", ""Auditoria_Compliance"", ""SOX"", ""Auditoria_Financeira"", ""CISA""]",7,"[""Industria_Manufacturing"", ""Agronegocio""]",2,"[""CFA"", ""ACCA""]",2,10.9,0,0,3.21,2026-06-12,0,0,0,1,1,1,0,1,0,0,0,1,1,0,1,0,0,0,0,0,1,1,0,0,0,0,0,1,0,0,1,0
AUD-0163,Supervisor,2,7,"[""ISO27001"", ""Gestao_Riscos"", ""CISA"", ""BRGAAP"", ""COSO"", ""IFRS""]",6,"[""Seguros"", ""Industria_Manufacturing"", ""Governo_PublicSector""]",3,"[""ACCA"", ""CISA""]",2,76.7,1,0,4.31,2026-05-24,1,0,1,0,1,1,1,0,0,0,0,0,0,0,1,0,0,1,0,0,1,0,0,1,0,0,0,1,0,1,0,0
AUD-0164,Gerente,3,15,"[""COSO"", ""Auditoria_Operacional"", ""Auditoria_Compliance"", ""Gestao_Riscos"", ""BRGAAP"", ""USGAAP"", ""SOX"", ""ESG_Sustentabilidade"", ""IFRS"", ""CISA"", ""Forensics_Antilavagem""]",11,"[""Saude_Farma"", ""Financeiro_Bancario""]",2,"[""CPA"", ""CFE"", ""CISA""]",3,50.5,1,0,4.84,2026-05-18,1,1,1,1,1,1,0,0,1,0,0,1,1,1,1,1,0,1,1,0,0,0,1,0,0,1,0,0,0,0,0,0
AUD-0165,Gerente,3,14,"[""IFRS"", ""Auditoria_Operacional"", ""BRGAAP"", ""ISO27001"", ""Auditoria_Fiscal"", ""Auditoria_Financeira"", ""Auditoria_TI"", ""SOX"", ""Auditoria_Compliance""]",9,"[""Industria_Manufacturing"", ""Varejo_Consumo"", ""Financeiro_Bancario""]",3,"[""CFA"", ""CPA""]",2,72.8,1,0,4.29,2026-06-11,1,0,1,1,0,0,1,1,1,1,1,1,0,0,0,1,0,0,0,0,0,1,1,0,0,0,1,1,0,0,0,0
AUD-0166,Supervisor,2,8,"[""ESG_Sustentabilidade"", ""IFRS"", ""BRGAAP"", ""ISO27001"", ""Forensics_Antilavagem"", ""Gestao_Riscos"", ""Auditoria_Compliance""]",7,"[""Energia_Utilities"", ""Varejo_Consumo"", ""Financeiro_Bancario"", ""Governo_PublicSector""]",4,"[""CISA""]",1,37.2,1,0,4.16,2026-07-23,1,0,1,0,0,0,1,0,0,0,0,1,1,1,1,0,0,1,0,0,0,0,1,0,1,0,1,0,0,1,0,0
AUD-0167,Socio,4,21,"[""COSO"", ""Auditoria_Financeira"", ""Auditoria_Fiscal"", ""Auditoria_Operacional"", ""Auditoria_Compliance"", ""ESG_Sustentabilidade"", ""BRGAAP"", ""Auditoria_TI"", ""Forensics_Antilavagem"", ""USGAAP"", ""IFRS"", ""ISO27001"", ""Gestao_Riscos""]",13,"[""Varejo_Consumo"", ""Energia_Utilities"", ""Financeiro_Bancario"", ""Industria_Manufacturing""]",4,"[""CISA"", ""CFA"", ""CRC""]",3,75.5,1,0,5.0,2026-05-18,1,1,1,0,1,0,1,1,1,1,1,1,1,1,1,0,0,1,0,1,0,1,1,0,1,0,1,1,0,0,0,0
AUD-0168,Supervisor,2,6,"[""Auditoria_Fiscal"", ""ISO27001"", ""ESG_Sustentabilidade"", ""Auditoria_Operacional"", ""CISA"", ""USGAAP"", ""Forensics_Antilavagem"", ""Auditoria_TI"", ""Auditoria_Financeira""]",9,"[""Governo_PublicSector"", ""Industria_Manufacturing""]",2,"[""CIA"", ""CPA""]",2,92.5,0,0,3.56,2026-05-18,0,1,0,0,0,1,1,1,1,1,1,0,1,1,0,1,1,0,0,0,0,0,0,0,0,0,0,1,0,1,0,0
AUD-0169,Gerente,3,14,"[""CISA"", ""COSO"", ""Auditoria_TI"", ""Auditoria_Compliance"", ""Forensics_Antilavagem"", ""IFRS"", ""ESG_Sustentabilidade"", ""Gestao_Riscos"", ""Auditoria_Financeira"", ""USGAAP"", ""Auditoria_Fiscal""]",11,"[""Governo_PublicSector""]",1,"[""CISA"", ""CIA""]",2,44.4,1,0,4.68,2026-06-04,1,1,0,0,1,1,0,1,0,1,1,1,1,1,1,0,1,1,0,0,0,0,0,0,0,0,0,0,0,1,0,0
AUD-0170,Gerente,3,11,"[""Auditoria_Compliance"", ""Forensics_Antilavagem"", ""COSO"", ""Gestao_Riscos"", ""USGAAP"", ""ESG_Sustentabilidade"", ""CISA"", ""SOX"", ""Auditoria_Fiscal""]",9,"[""Governo_PublicSector"", ""Energia_Utilities""]",2,"[""CFE"", ""ACCA"", ""CRC"", ""CISA""]",4,60.7,1,0,4.52,2026-06-11,0,1,0,1,1,1,0,0,0,0,1,1,1,1,1,0,0,1,1,1,1,0,0,0,1,0,0,0,0,1,0,0
AUD-0171,Senior,1,3,"[""Auditoria_Operacional"", ""Forensics_Antilavagem"", ""Auditoria_Fiscal"", ""SOX"", ""Auditoria_Compliance""]",5,"[""Telecomunicacoes"", ""Seguros"", ""Governo_PublicSector""]",3,"[""CRC""]",1,48.5,1,0,2.75,2026-05-28,0,0,0,1,0,0,0,0,1,0,1,1,1,0,0,0,0,0,0,1,0,0,0,1,0,0,0,0,0,1,0,1
AUD-0172,Supervisor,2,10,"[""IFRS"", ""ESG_Sustentabilidade"", ""Auditoria_Operacional"", ""Forensics_Antilavagem"", ""SOX"", ""Auditoria_TI"", ""Auditoria_Compliance""]",7,"[""Energia_Utilities"", ""Industria_Manufacturing""]",2,"[""CFA""]",1,9.9,1,0,3.78,2026-05-24,1,0,0,1,0,0,0,0,1,1,0,1,1,1,0,0,0,0,0,0,0,1,0,0,1,0,0,1,0,0,0,0
AUD-0173,Junior,0,0,"[""Auditoria_TI"", ""Auditoria_Financeira"", ""USGAAP"", ""Auditoria_Operacional"", ""ESG_Sustentabilidade""]",5,"[""Governo_PublicSector""]",1,[],0,18.0,0,0,2.94,2026-05-28,0,1,0,0,0,0,0,1,1,1,0,0,0,1,0,0,0,0,0,0,0,0,0,0,0,0,0,0,0,1,0,0
AUD-0174,Supervisor,2,7,"[""Auditoria_Operacional"", ""Auditoria_Financeira"", ""Auditoria_Fiscal"", ""COSO"", ""IFRS"", ""ISO27001"", ""Auditoria_Compliance"", ""Forensics_Antilavagem""]",8,"[""Telecomunicacoes"", ""Seguros""]",2,"[""CPA"", ""CFE""]",2,17.2,1,0,3.74,2026-06-26,1,0,0,0,1,0,1,1,1,0,1,1,1,0,0,1,0,0,1,0,0,0,0,1,0,0,0,0,0,0,0,1
AUD-0175,Socio,4,22,"[""Gestao_Riscos"", ""USGAAP"", ""Auditoria_Financeira"", ""IFRS"", ""COSO"", ""ISO27001"", ""BRGAAP"", ""Auditoria_Operacional"", ""Auditoria_TI"", ""CISA"", ""SOX"", ""Forensics_Antilavagem""]",12,"[""Governo_PublicSector"", ""Tecnologia"", ""Agronegocio"", ""Financeiro_Bancario""]",4,"[""ACCA"", ""CFA"", ""CRC"", ""CIA""]",4,67.0,1,0,4.94,2026-08-01,1,1,1,1,1,1,1,1,1,1,0,0,1,0,1,0,1,0,0,1,1,1,1,0,0,0,0,0,1,1,1,0
AUD-0176,Junior,0,1,"[""Auditoria_Operacional"", ""ISO27001""]",2,"[""Saude_Farma""]",1,"[""CFA""]",1,25.5,0,0,3.06,2026-06-13,0,0,0,0,0,0,1,0,1,0,0,0,0,0,0,0,0,0,0,0,0,1,0,0,0,1,0,0,0,0,0,0
AUD-0177,Senior,1,4,"[""Auditoria_Fiscal"", ""Auditoria_Compliance"", ""Auditoria_Operacional"", ""ISO27001""]",4,"[""Tecnologia"", ""Saude_Farma"", ""Agronegocio""]",3,[],0,32.0,1,0,3.78,2026-05-25,0,0,0,0,0,0,1,0,1,0,1,1,0,0,0,0,0,0,0,0,0,0,0,0,0,1,0,0,1,0,1,0
AUD-0178,Junior,0,0,"[""Gestao_Riscos"", ""Auditoria_Compliance""]",2,"[""Financeiro_Bancario""]",1,[],0,66.0,1,0,3.2,2026-06-01,0,0,0,0,0,0,0,0,0,0,0,1,0,0,1,0,0,0,0,0,0,0,1,0,0,0,0,0,0,0,0,0
AUD-0179,Gerente,3,14,"[""Gestao_Riscos"", ""IFRS"", ""SOX"", ""Forensics_Antilavagem"", ""USGAAP"", ""Auditoria_Fiscal"", ""ESG_Sustentabilidade"", ""Auditoria_Financeira"", ""COSO"", ""CISA""]",10,"[""Saude_Farma""]",1,"[""ACCA"", ""CPA"", ""CFE""]",3,80.7,1,0,4.06,2026-07-17,1,1,0,1,1,1,0,1,0,0,1,0,1,1,1,1,0,0,1,0,1,0,0,0,0,1,0,0,0,0,0,0
AUD-0180,Gerente,3,14,"[""Forensics_Antilavagem"", ""IFRS"", ""BRGAAP"", ""Auditoria_Operacional"", ""COSO"", ""SOX"", ""CISA"", ""Auditoria_Compliance"", ""USGAAP"", ""Gestao_Riscos"", ""ISO27001""]",11,"[""Tecnologia"", ""Varejo_Consumo""]",2,"[""CISA"", ""CPA"", ""CRC"", ""CIA""]",4,59.3,1,0,3.8,2026-06-19,1,1,1,1,1,1,1,0,1,0,0,1,1,0,1,1,1,1,0,1,0,0,0,0,0,0,1,0,1,0,0,0
AUD-0181,Senior,1,4,"[""CISA"", ""Auditoria_Fiscal"", ""ESG_Sustentabilidade"", ""ISO27001"", ""Auditoria_Operacional"", ""Gestao_Riscos"", ""Auditoria_Compliance""]",7,"[""Energia_Utilities"", ""Varejo_Consumo""]",2,"[""CFE""]",1,50.3,0,0,3.73,2026-06-27,0,0,0,0,0,1,1,0,1,0,1,1,0,1,1,0,0,0,1,0,0,0,0,0,1,0,1,0,0,0,0,0
AUD-0182,Junior,0,1,"[""SOX"", ""COSO""]",2,"[""Governo_PublicSector""]",1,[],0,32.6,1,0,2.93,2026-05-19,0,0,0,1,1,0,0,0,0,0,0,0,0,0,0,0,0,0,0,0,0,0,0,0,0,0,0,0,0,1,0,0
AUD-0183,Socio,4,22,"[""Auditoria_Operacional"", ""Gestao_Riscos"", ""BRGAAP"", ""ISO27001"", ""SOX"", ""COSO"", ""Auditoria_Fiscal"", ""CISA"", ""Auditoria_Financeira"", ""IFRS"", ""ESG_Sustentabilidade"", ""Forensics_Antilavagem"", ""Auditoria_Compliance""]",13,"[""Financeiro_Bancario"", ""Varejo_Consumo""]",2,"[""CFE"", ""ACCA"", ""CRC""]",3,66.6,1,1,4.75,2026-05-15,1,0,1,1,1,1,1,1,1,0,1,1,1,1,1,0,0,0,1,1,1,0,1,0,0,0,1,0,0,0,0,0
AUD-0184,Junior,0,1,"[""Forensics_Antilavagem"", ""Auditoria_TI"", ""Auditoria_Compliance"", ""Auditoria_Fiscal""]",4,"[""Governo_PublicSector""]",1,"[""CIA""]",1,74.6,1,0,3.11,2026-06-03,0,0,0,0,0,0,0,0,0,1,1,1,1,0,0,0,1,0,0,0,0,0,0,0,0,0,0,0,0,1,0,0
AUD-0185,Socio,4,22,"[""IFRS"", ""SOX"", ""ESG_Sustentabilidade"", ""Auditoria_Compliance"", ""USGAAP"", ""Auditoria_Financeira"", ""Forensics_Antilavagem"", ""Auditoria_Operacional"", ""Auditoria_TI"", ""Auditoria_Fiscal"", ""COSO"", ""BRGAAP""]",12,"[""Tecnologia"", ""Governo_PublicSector"", ""Industria_Manufacturing""]",3,"[""CISA"", ""CFA"", ""ACCA""]",3,82.0,1,0,4.84,2026-06-19,1,1,1,1,1,0,0,1,1,1,1,1,1,1,0,0,0,1,0,0,1,1,0,0,0,0,0,1,1,1,0,0
AUD-0186,Junior,0,3,"[""Auditoria_Compliance"", ""Auditoria_Financeira"", ""Forensics_Antilavagem"", ""CISA"", ""SOX""]",5,"[""Industria_Manufacturing"", ""Tecnologia""]",2,[],0,80.1,0,1,2.8,2026-07-10,0,0,0,1,0,1,0,1,0,0,0,1,1,0,0,0,0,0,0,0,0,0,0,0,0,0,0,1,1,0,0,0
AUD-0187,Supervisor,2,9,"[""IFRS"", ""COSO"", ""Auditoria_Operacional"", ""Auditoria_TI"", ""Auditoria_Compliance"", ""ISO27001"", ""ESG_Sustentabilidade"", ""BRGAAP""]",8,"[""Industria_Manufacturing"", ""Saude_Farma""]",2,"[""CFE"", ""CRC""]",2,55.0,1,0,2.83,2026-05-20,1,0,1,0,1,0,1,0,1,1,0,1,0,1,0,0,0,0,1,1,0,0,0,0,0,1,0,1,0,0,0,0
AUD-0188,Supervisor,2,8,"[""Auditoria_Fiscal"", ""CISA"", ""COSO"", ""Auditoria_Financeira"", ""Gestao_Riscos"", ""Auditoria_Compliance"", ""Auditoria_TI"", ""BRGAAP""]",8,"[""Energia_Utilities"", ""Telecomunicacoes"", ""Governo_PublicSector""]",3,"[""CIA"", ""CRC""]",2,27.1,1,1,3.55,2026-06-18,0,0,1,0,1,1,0,1,0,1,1,1,0,0,1,0,1,0,0,1,0,0,0,0,1,0,0,0,0,1,0,1
AUD-0189,Senior,1,4,"[""ESG_Sustentabilidade"", ""Gestao_Riscos"", ""USGAAP"", ""Auditoria_Fiscal""]",4,"[""Financeiro_Bancario""]",1,[],0,50.0,1,1,3.61,2026-05-16,0,1,0,0,0,0,0,0,0,0,1,0,0,1,1,0,0,0,0,0,0,0,1,0,0,0,0,0,0,0,0,0
AUD-0190,Junior,0,0,"[""Auditoria_Compliance"", ""BRGAAP"", ""IFRS"", ""SOX""]",4,"[""Industria_Manufacturing"", ""Financeiro_Bancario""]",2,"[""CRC""]",1,48.2,1,1,2.82,2026-07-13,1,0,1,1,0,0,0,0,0,0,0,1,0,0,0,0,0,0,0,1,0,0,1,0,0,0,0,1,0,0,0,0
AUD-0191,Socio,4,23,"[""Auditoria_Fiscal"", ""Auditoria_Financeira"", ""IFRS"", ""Forensics_Antilavagem"", ""Auditoria_Operacional"", ""Gestao_Riscos"", ""ISO27001"", ""Auditoria_Compliance"", ""ESG_Sustentabilidade"", ""COSO"", ""BRGAAP"", ""CISA""]",12,"[""Agronegocio""]",1,"[""CFA"", ""ACCA"", ""CFE""]",3,28.7,1,1,4.91,2026-05-19,1,0,1,0,1,1,1,1,1,0,1,1,1,1,1,0,0,0,1,0,1,1,0,0,0,0,0,0,0,0,1,0
AUD-0192,Junior,0,1,"[""USGAAP"", ""Auditoria_Operacional""]",2,"[""Saude_Farma""]",1,[],0,38.5,0,0,2.85,2026-05-23,0,1,0,0,0,0,0,0,1,0,0,0,0,0,0,0,0,0,0,0,0,0,0,0,0,1,0,0,0,0,0,0
AUD-0193,Gerente,3,14,"[""COSO"", ""Forensics_Antilavagem"", ""ISO27001"", ""USGAAP"", ""CISA"", ""ESG_Sustentabilidade"", ""Auditoria_Financeira"", ""SOX"", ""Auditoria_Fiscal"", ""Auditoria_Compliance""]",10,"[""Seguros"", ""Financeiro_Bancario"", ""Telecomunicacoes""]",3,"[""CFE"", ""CFA"", ""ACCA""]",3,86.4,1,0,3.99,2026-06-01,0,1,0,1,1,1,1,1,0,0,1,1,1,1,0,0,0,0,1,0,1,1,1,1,0,0,0,0,0,0,0,1
AUD-0194,Junior,0,0,"[""BRGAAP"", ""USGAAP"", ""Auditoria_Financeira"", ""ISO27001"", ""Auditoria_Fiscal""]",5,"[""Telecomunicacoes"", ""Seguros""]",2,[],0,41.0,1,1,3.49,2026-05-18,0,1,1,0,0,0,1,1,0,0,1,0,0,0,0,0,0,0,0,0,0,0,0,1,0,0,0,0,0,0,0,1
AUD-0195,Junior,0,1,"[""Gestao_Riscos"", ""ESG_Sustentabilidade"", ""Auditoria_Compliance"", ""Auditoria_TI"", ""Auditoria_Financeira""]",5,"[""Financeiro_Bancario"", ""Seguros""]",2,[],0,62.8,1,0,2.29,2026-07-07,0,0,0,0,0,0,0,1,0,1,0,1,0,1,1,0,0,0,0,0,0,0,1,1,0,0,0,0,0,0,0,0
AUD-0196,Senior,1,3,"[""Auditoria_Fiscal"", ""IFRS"", ""BRGAAP"", ""CISA"", ""ESG_Sustentabilidade"", ""SOX""]",6,"[""Energia_Utilities"", ""Tecnologia"", ""Seguros""]",3,[],0,25.9,0,0,3.92,2026-05-21,1,0,1,1,0,1,0,0,0,0,1,0,0,1,0,0,0,0,0,0,0,0,0,1,1,0,0,0,1,0,0,0
AUD-0197,Supervisor,2,8,"[""ESG_Sustentabilidade"", ""ISO27001"", ""Auditoria_Fiscal"", ""Auditoria_Operacional"", ""CISA"", ""Gestao_Riscos"", ""BRGAAP""]",7,"[""Agronegocio""]",1,"[""ACCA""]",1,41.8,1,0,3.72,2026-07-02,0,0,1,0,0,1,1,0,1,0,1,0,0,1,1,0,0,0,0,0,1,0,0,0,0,0,0,0,0,0,1,0
AUD-0198,Senior,1,6,"[""ESG_Sustentabilidade"", ""USGAAP"", ""CISA"", ""Auditoria_TI"", ""Auditoria_Compliance"", ""Auditoria_Fiscal""]",6,"[""Industria_Manufacturing"", ""Financeiro_Bancario""]",2,"[""ACCA""]",1,67.7,0,1,3.32,2026-05-28,0,1,0,0,0,1,0,0,0,1,1,1,0,1,0,0,0,0,0,0,1,0,1,0,0,0,0,1,0,0,0,0
AUD-0199,Senior,1,1,"[""CISA"", ""Auditoria_Operacional"", ""ISO27001"", ""Forensics_Antilavagem""]",4,"[""Telecomunicacoes""]",1,"[""ACCA""]",1,46.7,1,1,2.86,2026-07-04,0,0,0,0,0,1,1,0,1,0,0,0,1,0,0,0,0,0,0,0,1,0,0,0,0,0,0,0,0,0,0,1
AUD-0200,Senior,1,5,"[""SOX"", ""Auditoria_Compliance"", ""USGAAP"", ""Forensics_Antilavagem"", ""COSO"", ""BRGAAP""]",6,"[""Energia_Utilities"", ""Tecnologia""]",2,"[""CISA"", ""CFA""]",2,78.5,0,0,3.76,2026-06-16,0,1,1,1,1,0,0,0,0,0,0,1,1,0,0,0,0,1,0,0,0,1,0,0,1,0,0,0,1,0,0,0
