projeto_id,tipo_projeto,complexidade,complexidade_num,setor_cliente,nivel_min_requerido,nivel_min_num,skills_requeridas,n_skills_requeridas,certs_requeridas,n_certs_requeridas,duracao_dias,valor_honorarios,data_inicio_prevista,ingles_requerido,tamanho_equipe,req_skill_IFRS,req_skill_USGAAP,req_skill_BRGAAP,req_skill_SOX,req_skill_COSO,req_skill_CISA,req_skill_ISO27001,req_skill_Auditoria_Financeira,req_skill_Auditoria_Operacional,req_skill_Auditoria_TI,req_skill_Auditoria_Fiscal,req_skill_Auditoria_Compliance,req_skill_Forensics_Antilavagem,req_skill_ESG_Sustentabilidade,req_skill_Gestao_Riscos,req_cert_CPA,req_cert_CIA,req_cert_CISA,req_cert_CFE,req_cert_CRC,req_cert_ACCA,req_cert_CFA,req_setor_Financeiro_Bancario,req_setor_Seguros,req_setor_Energia_Utilities,req_setor_Saude_Farma,req_setor_Varejo_Consumo,req_setor_Industria_Manufacturing,req_setor_Tecnologia,req_setor_Governo_PublicSector,req_setor_Agronegocio,req_setor_Telecomunicacoes
PRJ-0001,Auditoria_Compliance_Regulatoria,Media,1,Varejo_Consumo,Senior,1,"[""USGAAP"", ""Gestao_Riscos"", ""BRGAAP"", ""Auditoria_Compliance""]",4,"[""CPA""]",1,26,29082.72,2026-10-11,0,3,0,1,1,0,0,0,0,0,0,0,0,1,0,0,1,1,0,0,0,0,0,0,0,0,0,0,1,0,0,0,0,0
PRJ-0002,Auditoria_Fiscal_Tributaria,Media,1,Tecnologia,Senior,1,"[""Auditoria_Fiscal"", ""BRGAAP"", ""USGAAP""]",3,"[""CPA""]",1,19,18094.69,2026-11-10,1,4,0,1,1,0,0,0,0,0,0,0,1,0,0,0,0,1,0,0,0,0,0,0,0,0,0,0,0,0,1,0,0,0
PRJ-0003,Auditoria_Interna_Operacional,Media,1,Industria_Manufacturing,Senior,1,"[""COSO"", ""IFRS"", ""Auditoria_Operacional"", ""Auditoria_Financeira""]",4,"[""CISA""]",1,19,28566.07,2026-08-17,0,2,1,0,0,0,1,0,0,1,1,0,0,0,0,0,0,0,0,1,0,0,0,0,0,0,0,0,0,1,0,0,0,0
PRJ-0004,Auditoria_Fiscal_Tributaria,Critica,3,Saude_Farma,Gerente,3,"[""Auditoria_Financeira"", ""SOX"", ""Auditoria_Fiscal"", ""Forensics_Antilavagem"", ""Auditoria_TI"", ""Auditoria_Compliance"", ""BRGAAP""]",7,"[""CIA"", ""CISA"", ""ACCA""]",3,46,57789.41,2026-06-05,1,3,0,0,1,1,0,0,0,1,0,1,1,1,1,0,0,0,1,1,0,0,1,0,0,0,0,1,0,0,0,0,0,0
PRJ-0005,Auditoria_Interna_Operacional,Baixa,0,Varejo_Consumo,Junior,0,"[""COSO"", ""Auditoria_Operacional""]",2,[],0,8,12126.99,2026-08-19,0,2,0,0,0,0,1,0,0,0,1,0,0,0,0,0,0,0,0,0,0,0,0,0,0,0,0,0,1,0,0,0,0,0
PRJ-0006,Auditoria_Interna_Operacional,Media,1,Saude_Farma,Supervisor,2,"[""ESG_Sustentabilidade"", ""COSO"", ""Forensics_Antilavagem"", ""Auditoria_TI"", ""Auditoria_Operacional""]",5,"[""CRC""]",1,25,46208.42,2026-10-18,0,3,0,0,0,0,1,0,0,0,1,1,0,0,1,1,0,0,0,0,0,1,0,0,0,0,0,1,0,0,0,0,0,0
PRJ-0007,Auditoria_Interna_Operacional,Baixa,0,Financeiro_Bancario,Senior,1,"[""COSO"", ""Auditoria_Operacional"", ""Auditoria_Financeira"", ""ISO27001""]",4,[],0,6,13384.46,2026-08-30,1,2,0,0,0,0,1,0,1,1,1,0,0,0,0,0,0,0,0,0,0,0,0,0,1,0,0,0,0,0,0,0,0,0
PRJ-0008,Forensics_Investigacao,Media,1,Tecnologia,Senior,1,"[""Forensics_Antilavagem"", ""Auditoria_Financeira"", ""Auditoria_Compliance""]",3,"[""CRC""]",1,15,15471.17,2026-08-28,1,3,0,0,0,0,0,0,0,1,0,0,0,1,1,0,0,0,0,0,0,1,0,0,0,0,0,0,0,0,1,0,0,0
PRJ-0009,IPO_Readiness,Critica,3,Saude_Farma,Socio,4,"[""Auditoria_Financeira"", ""SOX"", ""Auditoria_Fiscal"", ""Auditoria_Operacional"", ""IFRS""]",5,"[""CIA"", ""CFE"", ""CISA""]",3,66,85500.48,2026-08-30,1,7,1,0,0,1,0,0,0,1,1,0,1,0,0,0,0,0,1,1,1,0,0,0,0,0,0,1,0,0,0,0,0,0
PRJ-0010,ESG_Assurance,Critica,3,Saude_Farma,Gerente,3,"[""CISA"", ""ESG_Sustentabilidade"", ""COSO"", ""Forensics_Antilavagem"", ""ISO27001"", ""Gestao_Riscos"", ""Auditoria_Operacional""]",7,"[""CPA"", ""CRC"", ""CIA""]",3,91,164417.52,2026-05-24,1,6,0,0,0,0,1,1,1,0,1,0,0,0,1,1,1,1,1,0,0,1,0,0,0,0,0,1,0,0,0,0,0,0
PRJ-0011,Due_Diligence,Alta,2,Agronegocio,Supervisor,2,"[""Auditoria_Financeira"", ""Forensics_Antilavagem"", ""Gestao_Riscos"", ""Auditoria_Operacional"", ""IFRS""]",5,"[""ACCA"", ""CIA""]",2,27,41725.08,2026-10-16,1,4,1,0,0,0,0,0,0,1,1,0,0,0,1,0,1,0,1,0,0,0,1,0,0,0,0,0,0,0,0,0,1,0
PRJ-0012,Auditoria_Interna_Operacional,Alta,2,Tecnologia,Gerente,3,"[""COSO"", ""Auditoria_TI"", ""Auditoria_Operacional"", ""Forensics_Antilavagem""]",4,"[""CIA"", ""ACCA""]",2,43,56537.07,2026-10-25,1,4,0,0,0,0,1,0,0,0,1,1,0,0,1,0,0,0,1,0,0,0,1,0,0,0,0,0,0,0,1,0,0,0
PRJ-0013,Due_Diligence,Alta,2,Tecnologia,Gerente,3,"[""Auditoria_Financeira"", ""Auditoria_Fiscal"", ""Gestao_Riscos"", ""Auditoria_Operacional"", ""USGAAP""]",5,"[""CFE"", ""CRC""]",2,13,19257.79,2026-08-12,1,6,0,1,0,0,0,0,0,1,1,0,1,0,0,0,1,0,0,0,1,1,0,0,0,0,0,0,0,0,1,0,0,0
PRJ-0014,Auditoria_TI_Sistemas,Media,1,Industria_Manufacturing,Supervisor,2,"[""CISA"", ""Gestao_Riscos"", ""Auditoria_TI"", ""ISO27001""]",4,"[""CFA""]",1,27,46243.98,2026-06-03,0,4,0,0,0,0,0,1,1,0,0,1,0,0,0,0,1,0,0,0,0,0,0,1,0,0,0,0,0,1,0,0,0,0
PRJ-0015,Auditoria_Interna_Operacional,Baixa,0,Saude_Farma,Junior,0,"[""COSO"", ""Gestao_Riscos"", ""Auditoria_Operacional"", ""Forensics_Antilavagem""]",4,[],0,16,22456.24,2026-07-23,0,2,0,0,0,0,1,0,0,0,1,0,0,0,1,0,1,0,0,0,0,0,0,0,0,0,0,1,0,0,0,0,0,0
PRJ-0016,IPO_Readiness,Critica,3,Tecnologia,Socio,4,"[""Auditoria_Financeira"", ""SOX"", ""Auditoria_TI"", ""Auditoria_Operacional"", ""IFRS"", ""BRGAAP"", ""USGAAP""]",7,"[""CPA"", ""CISA"", ""CIA""]",3,108,180160.16,2026-06-07,1,6,1,1,1,1,0,0,0,1,1,1,0,0,0,0,0,1,1,1,0,0,0,0,0,0,0,0,0,0,1,0,0,0
PRJ-0017,Auditoria_Fiscal_Tributaria,Media,1,Telecomunicacoes,Supervisor,2,"[""Auditoria_Fiscal"", ""COSO"", ""ISO27001"", ""Auditoria_Operacional"", ""BRGAAP""]",5,"[""CFE""]",1,17,26982.53,2026-10-15,0,4,0,0,1,0,1,0,1,0,1,0,1,0,0,0,0,0,0,0,1,0,0,0,0,0,0,0,0,0,0,0,0,1
PRJ-0018,IPO_Readiness,Alta,2,Energia_Utilities,Supervisor,2,"[""Auditoria_Financeira"", ""SOX"", ""Auditoria_Operacional"", ""IFRS"", ""USGAAP""]",5,"[""CFE"", ""CPA""]",2,64,83343.03,2026-10-10,1,2,1,1,0,1,0,0,0,1,1,0,0,0,0,0,0,1,0,0,1,0,0,0,0,0,1,0,0,0,0,0,0,0
PRJ-0019,Auditoria_Interna_Operacional,Alta,2,Energia_Utilities,Gerente,3,"[""CISA"", ""COSO"", ""ISO27001"", ""Gestao_Riscos"", ""Auditoria_Operacional""]",5,"[""CFE"", ""CIA""]",2,24,40461.49,2026-11-04,1,4,0,0,0,0,1,1,1,0,1,0,0,0,0,0,1,0,1,0,1,0,0,0,0,0,1,0,0,0,0,0,0,0
PRJ-0020,ESG_Assurance,Baixa,0,Governo_PublicSector,Senior,1,"[""ESG_Sustentabilidade"", ""Auditoria_Operacional""]",2,[],0,6,8052.88,2026-07-24,0,2,0,0,0,0,0,0,0,0,1,0,0,0,0,1,0,0,0,0,0,0,0,0,0,0,0,0,0,0,0,1,0,0
PRJ-0021,Auditoria_Financeira_Anual,Alta,2,Seguros,Gerente,3,"[""IFRS"", ""Auditoria_Financeira"", ""ISO27001"", ""USGAAP""]",4,"[""ACCA"", ""CPA""]",2,17,33169.33,2026-05-28,1,3,1,1,0,0,0,0,1,1,0,0,0,0,0,0,0,1,0,0,0,0,1,0,0,1,0,0,0,0,0,0,0,0
PRJ-0022,Revisao_Controles_Internos,Media,1,Agronegocio,Senior,1,"[""COSO"", ""SOX"", ""BRGAAP""]",3,"[""CISA""]",1,37,64814.5,2026-09-23,0,3,0,0,1,1,1,0,0,0,0,0,0,0,0,0,0,0,0,1,0,0,0,0,0,0,0,0,0,0,0,0,1,0
PRJ-0023,Revisao_Controles_Internos,Alta,2,Energia_Utilities,Gerente,3,"[""ESG_Sustentabilidade"", ""SOX"", ""COSO"", ""Forensics_Antilavagem"", ""BRGAAP""]",5,"[""CFE"", ""CFA""]",2,73,62022.76,2026-06-07,1,6,0,0,1,1,1,0,0,0,0,0,0,0,1,1,0,0,0,0,1,0,0,1,0,0,1,0,0,0,0,0,0,0
PRJ-0024,Revisao_Controles_Internos,Media,1,Tecnologia,Supervisor,2,"[""IFRS"", ""COSO"", ""Auditoria_Operacional"", ""SOX""]",4,"[""ACCA""]",1,15,17477.3,2026-07-13,1,3,1,0,0,1,1,0,0,0,1,0,0,0,0,0,0,0,0,0,0,0,1,0,0,0,0,0,0,0,1,0,0,0
PRJ-0025,Auditoria_Interna_Operacional,Media,1,Agronegocio,Senior,1,"[""COSO"", ""Auditoria_Operacional"", ""BRGAAP""]",3,"[""CISA""]",1,27,36562.71,2026-07-16,0,3,0,0,1,0,1,0,0,0,1,0,0,0,0,0,0,0,0,1,0,0,0,0,0,0,0,0,0,0,0,0,1,0
PRJ-0026,Auditoria_Interna_Operacional,Media,1,Governo_PublicSector,Supervisor,2,"[""Auditoria_Fiscal"", ""COSO"", ""Forensics_Antilavagem"", ""ISO27001"", ""Auditoria_Operacional""]",5,"[""CRC""]",1,18,26292.36,2026-06-13,0,3,0,0,0,0,1,0,1,0,1,0,1,0,1,0,0,0,0,0,0,1,0,0,0,0,0,0,0,0,0,1,0,0
PRJ-0027,IPO_Readiness,Baixa,0,Industria_Manufacturing,Senior,1,"[""IFRS"", ""Auditoria_Financeira"", ""SOX""]",3,[],0,10,22373.8,2026-09-08,0,2,1,0,0,1,0,0,0,1,0,0,0,0,0,0,0,0,0,0,0,0,0,0,0,0,0,0,0,1,0,0,0,0
PRJ-0028,Auditoria_Compliance_Regulatoria,Critica,3,Telecomunicacoes,Gerente,3,"[""CISA"", ""ESG_Sustentabilidade"", ""Auditoria_Fiscal"", ""Gestao_Riscos"", ""Auditoria_Compliance"", ""BRGAAP"", ""USGAAP""]",7,"[""CIA"", ""CISA"", ""CPA""]",3,34,37779.97,2026-09-04,1,7,0,1,1,0,0,1,0,0,0,0,1,1,0,1,1,1,1,1,0,0,0,0,0,0,0,0,0,0,0,0,0,1
PRJ-0029,Due_Diligence,Media,1,Tecnologia,Senior,1,"[""Auditoria_Fiscal"", ""Gestao_Riscos"", ""Auditoria_Financeira""]",3,"[""CIA""]",1,18,31989.06,2026-10-07,1,3,0,0,0,0,0,0,0,1,0,0,1,0,0,0,1,0,1,0,0,0,0,0,0,0,0,0,0,0,1,0,0,0
PRJ-0030,Due_Diligence,Media,1,Agronegocio,Senior,1,"[""Gestao_Riscos"", ""Forensics_Antilavagem"", ""Auditoria_Financeira""]",3,"[""ACCA""]",1,36,85758.53,2026-07-10,0,2,0,0,0,0,0,0,0,1,0,0,0,0,1,0,1,0,0,0,0,0,1,0,0,0,0,0,0,0,0,0,1,0
PRJ-0031,Auditoria_Fiscal_Tributaria,Baixa,0,Varejo_Consumo,Senior,1,"[""Auditoria_Fiscal"", ""SOX"", ""BRGAAP""]",3,[],0,15,16771.01,2026-06-28,0,2,0,0,1,1,0,0,0,0,0,0,1,0,0,0,0,0,0,0,0,0,0,0,0,0,0,0,1,0,0,0,0,0
PRJ-0032,IPO_Readiness,Baixa,0,Industria_Manufacturing,Junior,0,"[""IFRS"", ""Auditoria_Financeira""]",2,[],0,11,26599.44,2026-06-30,0,2,1,0,0,0,0,0,0,1,0,0,0,0,0,0,0,0,0,0,0,0,0,0,0,0,0,0,0,1,0,0,0,0
PRJ-0033,Due_Diligence,Baixa,0,Tecnologia,Junior,0,"[""Gestao_Riscos"", ""ESG_Sustentabilidade"", ""Auditoria_TI"", ""Auditoria_Financeira""]",4,[],0,30,57306.56,2026-06-30,1,2,0,0,0,0,0,0,0,1,0,1,0,0,0,1,1,0,0,0,0,0,0,0,0,0,0,0,0,0,1,0,0,0
PRJ-0034,ESG_Assurance,Media,1,Governo_PublicSector,Supervisor,2,"[""ESG_Sustentabilidade"", ""Auditoria_Financeira"", ""Auditoria_Operacional"", ""BRGAAP"", ""USGAAP""]",5,"[""CRC""]",1,22,18754.19,2026-09-29,0,2,0,1,1,0,0,0,0,1,1,0,0,0,0,1,0,0,0,0,0,1,0,0,0,0,0,0,0,0,0,1,0,0
PRJ-0035,Auditoria_Compliance_Regulatoria,Baixa,0,Saude_Farma,Senior,1,"[""Gestao_Riscos"", ""Auditoria_Operacional"", ""COSO"", ""Auditoria_Compliance""]",4,[],0,7,7601.69,2026-08-29,0,2,0,0,0,0,1,0,0,0,1,0,0,1,0,0,1,0,0,0,0,0,0,0,0,0,0,1,0,0,0,0,0,0
PRJ-0036,IPO_Readiness,Alta,2,Governo_PublicSector,Supervisor,2,"[""Auditoria_Financeira"", ""SOX"", ""Gestao_Riscos"", ""Auditoria_Compliance"", ""IFRS""]",5,"[""CPA"", ""CRC""]",2,26,25847.93,2026-08-03,1,6,1,0,0,1,0,0,0,1,0,0,0,1,0,0,1,1,0,0,0,1,0,0,0,0,0,0,0,0,0,1,0,0
PRJ-0037,Forensics_Investigacao,Media,1,Financeiro_Bancario,Senior,1,"[""Gestao_Riscos"", ""Forensics_Antilavagem"", ""Auditoria_Financeira""]",3,"[""ACCA""]",1,27,41858.73,2026-07-04,1,2,0,0,0,0,0,0,0,1,0,0,0,0,1,0,1,0,0,0,0,0,1,0,1,0,0,0,0,0,0,0,0,0
PRJ-0038,Auditoria_TI_Sistemas,Baixa,0,Saude_Farma,Junior,0,"[""CISA"", ""COSO"", ""Auditoria_TI"", ""ISO27001""]",4,[],0,10,22871.77,2026-07-22,0,2,0,0,0,0,1,1,1,0,0,1,0,0,0,0,0,0,0,0,0,0,0,0,0,0,0,1,0,0,0,0,0,0
PRJ-0039,ESG_Assurance,Media,1,Seguros,Senior,1,"[""ESG_Sustentabilidade"", ""Auditoria_Operacional"", ""Auditoria_Financeira""]",3,"[""CFA""]",1,10,24897.28,2026-07-02,0,2,0,0,0,0,0,0,0,1,1,0,0,0,0,1,0,0,0,0,0,0,0,1,0,1,0,0,0,0,0,0,0,0
PRJ-0040,Revisao_Controles_Internos,Alta,2,Telecomunicacoes,Supervisor,2,"[""ESG_Sustentabilidade"", ""Auditoria_Financeira"", ""SOX"", ""COSO"", ""Auditoria_Compliance""]",5,"[""ACCA"", ""CFE""]",2,35,37875.91,2026-08-12,1,3,0,0,0,1,1,0,0,1,0,0,0,1,0,1,0,0,0,0,1,0,1,0,0,0,0,0,0,0,0,0,0,1
PRJ-0041,Revisao_Controles_Internos,Alta,2,Financeiro_Bancario,Gerente,3,"[""Auditoria_Financeira"", ""SOX"", ""Auditoria_Fiscal"", ""COSO"", ""Auditoria_Compliance""]",5,"[""CISA"", ""CRC""]",2,37,63488.54,2026-06-22,1,4,0,0,0,1,1,0,0,1,0,0,1,1,0,0,0,0,0,1,0,1,0,0,1,0,0,0,0,0,0,0,0,0
PRJ-0042,Auditoria_Compliance_Regulatoria,Media,1,Varejo_Consumo,Supervisor,2,"[""Auditoria_Fiscal"", ""Gestao_Riscos"", ""Auditoria_Operacional"", ""Auditoria_Compliance"", ""USGAAP""]",5,"[""CIA""]",1,39,95031.78,2026-07-23,0,3,0,1,0,0,0,0,0,0,1,0,1,1,0,0,1,0,1,0,0,0,0,0,0,0,0,0,1,0,0,0,0,0
PRJ-0043,Auditoria_Financeira_Anual,Critica,3,Energia_Utilities,Gerente,3,"[""ESG_Sustentabilidade"", ""Auditoria_Financeira"", ""SOX"", ""COSO"", ""Gestao_Riscos"", ""IFRS""]",6,"[""ACCA"", ""CISA"", ""CIA""]",3,45,94252.73,2026-11-04,1,7,1,0,0,1,1,0,0,1,0,0,0,0,0,1,1,0,1,1,0,0,1,0,0,0,1,0,0,0,0,0,0,0
PRJ-0044,Auditoria_TI_Sistemas,Media,1,Telecomunicacoes,Supervisor,2,"[""CISA"", ""Auditoria_TI"", ""ISO27001""]",3,"[""ACCA""]",1,27,33934.12,2026-06-19,0,3,0,0,0,0,0,1,1,0,0,1,0,0,0,0,0,0,0,0,0,0,1,0,0,0,0,0,0,0,0,0,0,1
PRJ-0045,Auditoria_TI_Sistemas,Media,1,Seguros,Senior,1,"[""CISA"", ""Auditoria_TI"", ""Auditoria_Operacional"", ""ISO27001""]",4,"[""CRC""]",1,32,66389.25,2026-10-13,0,4,0,0,0,0,0,1,1,0,1,1,0,0,0,0,0,0,0,0,0,1,0,0,0,1,0,0,0,0,0,0,0,0
PRJ-0046,Forensics_Investigacao,Media,1,Governo_PublicSector,Supervisor,2,"[""CISA"", ""Forensics_Antilavagem"", ""Auditoria_Financeira"", ""Auditoria_Fiscal""]",4,"[""CPA""]",1,13,29602.86,2026-10-24,0,4,0,0,0,0,0,1,0,1,0,0,1,0,1,0,0,1,0,0,0,0,0,0,0,0,0,0,0,0,0,1,0,0
PRJ-0047,Auditoria_Interna_Operacional,Alta,2,Governo_PublicSector,Supervisor,2,"[""COSO"", ""Forensics_Antilavagem"", ""ISO27001"", ""Gestao_Riscos"", ""Auditoria_Operacional""]",5,"[""CFA"", ""CPA""]",2,23,49511.01,2026-09-11,1,5,0,0,0,0,1,0,1,0,1,0,0,0,1,0,1,1,0,0,0,0,0,1,0,0,0,0,0,0,0,1,0,0
PRJ-0048,Revisao_Controles_Internos,Critica,3,Saude_Farma,Socio,4,"[""ESG_Sustentabilidade"", ""Auditoria_Financeira"", ""SOX"", ""COSO"", ""ISO27001"", ""Auditoria_TI""]",6,"[""CISA"", ""CRC"", ""ACCA""]",3,86,87892.88,2026-07-23,1,8,0,0,0,1,1,0,1,1,0,1,0,0,0,1,0,0,0,1,0,1,1,0,0,0,0,1,0,0,0,0,0,0
PRJ-0049,ESG_Assurance,Alta,2,Financeiro_Bancario,Gerente,3,"[""IFRS"", ""ESG_Sustentabilidade"", ""Auditoria_Operacional"", ""USGAAP""]",4,"[""ACCA"", ""CFE""]",2,30,24830.35,2026-06-28,1,3,1,1,0,0,0,0,0,0,1,0,0,0,0,1,0,0,0,0,1,0,1,0,1,0,0,0,0,0,0,0,0,0
PRJ-0050,ESG_Assurance,Media,1,Tecnologia,Supervisor,2,"[""ESG_Sustentabilidade"", ""SOX"", ""Forensics_Antilavagem"", ""Auditoria_Operacional"", ""BRGAAP""]",5,"[""ACCA""]",1,20,26263.43,2026-10-22,1,3,0,0,1,1,0,0,0,0,1,0,0,0,1,1,0,0,0,0,0,0,1,0,0,0,0,0,0,0,1,0,0,0
PRJ-0051,Auditoria_Interna_Operacional,Alta,2,Varejo_Consumo,Supervisor,2,"[""Forensics_Antilavagem"", ""COSO"", ""ISO27001"", ""Auditoria_Operacional"", ""BRGAAP"", ""USGAAP""]",6,"[""CPA"", ""CFE""]",2,21,39134.07,2026-07-23,1,3,0,1,1,0,1,0,1,0,1,0,0,0,1,0,0,1,0,0,1,0,0,0,0,0,0,0,1,0,0,0,0,0
PRJ-0052,Auditoria_TI_Sistemas,Alta,2,Seguros,Supervisor,2,"[""CISA"", ""SOX"", ""Auditoria_Fiscal"", ""ISO27001"", ""Auditoria_TI"", ""IFRS""]",6,"[""CPA"", ""CIA""]",2,34,61514.67,2026-10-10,1,6,1,0,0,1,0,1,1,0,0,1,1,0,0,0,0,1,1,0,0,0,0,0,0,1,0,0,0,0,0,0,0,0
PRJ-0053,ESG_Assurance,Baixa,0,Industria_Manufacturing,Senior,1,"[""ESG_Sustentabilidade"", ""Auditoria_Operacional"", ""USGAAP""]",3,[],0,14,34718.09,2026-09-11,0,2,0,1,0,0,0,0,0,0,1,0,0,0,0,1,0,0,0,0,0,0,0,0,0,0,0,0,0,1,0,0,0,0
PRJ-0054,Due_Diligence,Media,1,Saude_Farma,Supervisor,2,"[""Gestao_Riscos"", ""Auditoria_Financeira"", ""ISO27001"", ""USGAAP""]",4,"[""ACCA""]",1,27,58593.42,2026-10-26,0,2,0,1,0,0,0,0,1,1,0,0,0,0,0,0,1,0,0,0,0,0,1,0,0,0,0,1,0,0,0,0,0,0
PRJ-0055,Forensics_Investigacao,Media,1,Varejo_Consumo,Supervisor,2,"[""Forensics_Antilavagem"", ""Auditoria_Financeira"", ""BRGAAP""]",3,"[""CFE""]",1,12,25378.59,2026-10-08,0,2,0,0,1,0,0,0,0,1,0,0,0,0,1,0,0,0,0,0,1,0,0,0,0,0,0,0,1,0,0,0,0,0
PRJ-0056,Due_Diligence,Baixa,0,Telecomunicacoes,Junior,0,"[""Gestao_Riscos"", ""Auditoria_Financeira""]",2,[],0,9,7329.66,2026-07-24,0,2,0,0,0,0,0,0,0,1,0,0,0,0,0,0,1,0,0,0,0,0,0,0,0,0,0,0,0,0,0,0,0,1
PRJ-0057,ESG_Assurance,Media,1,Saude_Farma,Supervisor,2,"[""ESG_Sustentabilidade"", ""Forensics_Antilavagem"", ""Auditoria_Operacional"", ""Auditoria_Compliance"", ""BRGAAP""]",5,"[""CFE""]",1,38,70198.51,2026-06-16,0,3,0,0,1,0,0,0,0,0,1,0,0,1,1,1,0,0,0,0,1,0,0,0,0,0,0,1,0,0,0,0,0,0
PRJ-0058,Revisao_Controles_Internos,Baixa,0,Seguros,Junior,0,"[""COSO"", ""SOX""]",2,[],0,10,10380.22,2026-06-26,0,2,0,0,0,1,1,0,0,0,0,0,0,0,0,0,0,0,0,0,0,0,0,0,0,1,0,0,0,0,0,0,0,0
PRJ-0059,IPO_Readiness,Alta,2,Industria_Manufacturing,Supervisor,2,"[""Auditoria_Financeira"", ""SOX"", ""COSO"", ""Auditoria_Operacional"", ""Auditoria_TI"", ""IFRS""]",6,"[""CIA"", ""CISA""]",2,18,34125.39,2026-08-08,1,3,1,0,0,1,1,0,0,1,1,1,0,0,0,0,0,0,1,1,0,0,0,0,0,0,0,0,0,1,0,0,0,0
PRJ-0060,Auditoria_Fiscal_Tributaria,Alta,2,Telecomunicacoes,Supervisor,2,"[""Auditoria_Fiscal"", ""ESG_Sustentabilidade"", ""BRGAAP"", ""CISA""]",4,"[""CPA"", ""ACCA""]",2,19,43489.22,2026-08-20,1,3,0,0,1,0,0,1,0,0,0,0,1,0,0,1,0,1,0,0,0,0,1,0,0,0,0,0,0,0,0,0,0,1
PRJ-0061,Auditoria_Fiscal_Tributaria,Alta,2,Saude_Farma,Supervisor,2,"[""CISA"", ""ESG_Sustentabilidade"", ""Auditoria_Financeira"", ""Auditoria_Fiscal"", ""BRGAAP""]",5,"[""ACCA"", ""CPA""]",2,41,87430.97,2026-08-07,1,3,0,0,1,0,0,1,0,1,0,0,1,0,0,1,0,1,0,0,0,0,1,0,0,0,0,1,0,0,0,0,0,0
PRJ-0062,ESG_Assurance,Media,1,Saude_Farma,Senior,1,"[""ESG_Sustentabilidade"", ""Auditoria_Operacional"", ""Auditoria_Financeira"", ""Auditoria_Compliance""]",4,"[""CRC""]",1,12,11048.64,2026-07-27,0,2,0,0,0,0,0,0,0,1,1,0,0,1,0,1,0,0,0,0,0,1,0,0,0,0,0,1,0,0,0,0,0,0
PRJ-0063,Forensics_Investigacao,Critica,3,Energia_Utilities,Socio,4,"[""CISA"", ""Auditoria_Financeira"", ""Auditoria_Fiscal"", ""Forensics_Antilavagem"", ""ISO27001"", ""Gestao_Riscos"", ""Auditoria_TI""]",7,"[""ACCA"", ""CIA"", ""CFE""]",3,70,169579.91,2026-09-16,1,8,0,0,0,0,0,1,1,1,0,1,1,0,1,0,1,0,1,0,1,0,1,0,0,0,1,0,0,0,0,0,0,0
PRJ-0064,Auditoria_Interna_Operacional,Baixa,0,Seguros,Junior,0,"[""COSO"", ""IFRS"", ""Auditoria_Operacional""]",3,[],0,17,21177.15,2026-06-21,0,2,1,0,0,0,1,0,0,0,1,0,0,0,0,0,0,0,0,0,0,0,0,0,0,1,0,0,0,0,0,0,0,0
PRJ-0065,Auditoria_Financeira_Anual,Critica,3,Tecnologia,Socio,4,"[""CISA"", ""Auditoria_Financeira"", ""Auditoria_Fiscal"", ""Forensics_Antilavagem"", ""Gestao_Riscos"", ""Auditoria_Operacional"", ""IFRS""]",7,"[""CFE"", ""ACCA"", ""CFA""]",3,41,38545.22,2026-09-29,1,6,1,0,0,0,0,1,0,1,1,0,1,0,1,0,1,0,0,0,1,0,1,1,0,0,0,0,0,0,1,0,0,0
PRJ-0066,Auditoria_Fiscal_Tributaria,Alta,2,Varejo_Consumo,Supervisor,2,"[""CISA"", ""Auditoria_Fiscal"", ""Gestao_Riscos"", ""Auditoria_TI"", ""BRGAAP"", ""USGAAP""]",6,"[""CIA"", ""CFA""]",2,25,42796.58,2026-09-26,1,5,0,1,1,0,0,1,0,0,0,1,1,0,0,0,1,0,1,0,0,0,0,1,0,0,0,0,1,0,0,0,0,0
PRJ-0067,IPO_Readiness,Alta,2,Seguros,Supervisor,2,"[""Auditoria_Financeira"", ""SOX"", ""ISO27001"", ""Auditoria_TI"", ""IFRS""]",5,"[""ACCA"", ""CIA""]",2,42,37734.48,2026-09-18,1,2,1,0,0,1,0,0,1,1,0,1,0,0,0,0,0,0,1,0,0,0,1,0,0,1,0,0,0,0,0,0,0,0
PRJ-0068,Auditoria_TI_Sistemas,Baixa,0,Telecomunicacoes,Senior,1,"[""CISA"", ""Auditoria_TI"", ""ISO27001""]",3,[],0,14,25690.21,2026-09-07,0,2,0,0,0,0,0,1,1,0,0,1,0,0,0,0,0,0,0,0,0,0,0,0,0,0,0,0,0,0,0,0,0,1
PRJ-0069,Due_Diligence,Baixa,0,Energia_Utilities,Senior,1,"[""Gestao_Riscos"", ""Forensics_Antilavagem"", ""Auditoria_Financeira""]",3,[],0,8,6554.37,2026-10-16,0,2,0,0,0,0,0,0,0,1,0,0,0,0,1,0,1,0,0,0,0,0,0,0,0,0,1,0,0,0,0,0,0,0
PRJ-0070,Forensics_Investigacao,Media,1,Varejo_Consumo,Senior,1,"[""Forensics_Antilavagem"", ""Auditoria_Financeira"", ""BRGAAP""]",3,"[""CISA""]",1,37,37583.94,2026-09-04,0,3,0,0,1,0,0,0,0,1,0,0,0,0,1,0,0,0,0,1,0,0,0,0,0,0,0,0,1,0,0,0,0,0
PRJ-0071,Auditoria_Interna_Operacional,Alta,2,Financeiro_Bancario,Supervisor,2,"[""CISA"", ""Auditoria_Financeira"", ""COSO"", ""ISO27001"", ""Auditoria_Operacional""]",5,"[""CRC"", ""CPA""]",2,38,47386.55,2026-10-14,1,6,0,0,0,0,1,1,1,1,1,0,0,0,0,0,0,1,0,0,0,1,0,0,1,0,0,0,0,0,0,0,0,0
PRJ-0072,Auditoria_Interna_Operacional,Media,1,Agronegocio,Supervisor,2,"[""COSO"", ""IFRS"", ""Auditoria_Operacional"", ""ISO27001""]",4,"[""CFE""]",1,12,27130.94,2026-06-25,0,2,1,0,0,0,1,0,1,0,1,0,0,0,0,0,0,0,0,0,1,0,0,0,0,0,0,0,0,0,0,0,1,0
PRJ-0073,Forensics_Investigacao,Baixa,0,Seguros,Senior,1,"[""Auditoria_Fiscal"", ""Forensics_Antilavagem"", ""Auditoria_Financeira"", ""Auditoria_Compliance""]",4,[],0,8,16229.79,2026-05-20,0,2,0,0,0,0,0,0,0,1,0,0,1,1,1,0,0,0,0,0,0,0,0,0,0,1,0,0,0,0,0,0,0,0
PRJ-0074,Auditoria_Fiscal_Tributaria,Baixa,0,Financeiro_Bancario,Junior,0,"[""Auditoria_Fiscal"", ""IFRS"", ""COSO"", ""BRGAAP""]",4,[],0,10,16020.0,2026-10-08,1,2,1,0,1,0,1,0,0,0,0,0,1,0,0,0,0,0,0,0,0,0,0,0,1,0,0,0,0,0,0,0,0,0
PRJ-0075,Due_Diligence,Baixa,0,Financeiro_Bancario,Junior,0,"[""Gestao_Riscos"", ""Auditoria_TI"", ""Auditoria_Financeira"", ""Forensics_Antilavagem""]",4,[],0,19,39123.51,2026-05-25,1,2,0,0,0,0,0,0,0,1,0,1,0,0,1,0,1,0,0,0,0,0,0,0,1,0,0,0,0,0,0,0,0,0
PRJ-0076,Revisao_Controles_Internos,Media,1,Tecnologia,Supervisor,2,"[""ESG_Sustentabilidade"", ""COSO"", ""Auditoria_Financeira"", ""SOX""]",4,"[""CISA""]",1,18,39675.51,2026-06-24,1,4,0,0,0,1,1,0,0,1,0,0,0,0,0,1,0,0,0,1,0,0,0,0,0,0,0,0,0,0,1,0,0,0
PRJ-0077,Forensics_Investigacao,Baixa,0,Financeiro_Bancario,Senior,1,"[""Forensics_Antilavagem"", ""Auditoria_Financeira""]",2,[],0,9,9943.97,2026-08-07,1,2,0,0,0,0,0,0,0,1,0,0,0,0,1,0,0,0,0,0,0,0,0,0,1,0,0,0,0,0,0,0,0,0
PRJ-0078,Auditoria_TI_Sistemas,Baixa,0,Governo_PublicSector,Senior,1,"[""CISA"", ""COSO"", ""Auditoria_TI"", ""ISO27001""]",4,[],0,7,14804.98,2026-08-26,0,2,0,0,0,0,1,1,1,0,0,1,0,0,0,0,0,0,0,0,0,0,0,0,0,0,0,0,0,0,0,1,0,0
PRJ-0079,Forensics_Investigacao,Baixa,0,Governo_PublicSector,Senior,1,"[""IFRS"", ""Forensics_Antilavagem"", ""Auditoria_Financeira""]",3,[],0,15,21407.44,2026-07-13,0,2,1,0,0,0,0,0,0,1,0,0,0,0,1,0,0,0,0,0,0,0,0,0,0,0,0,0,0,0,0,1,0,0
PRJ-0080,IPO_Readiness,Alta,2,Telecomunicacoes,Gerente,3,"[""CISA"", ""Auditoria_Financeira"", ""SOX"", ""Auditoria_Fiscal"", ""IFRS""]",5,"[""CISA"", ""CRC""]",2,25,61303.95,2026-09-22,1,3,1,0,0,1,0,1,0,1,0,0,1,0,0,0,0,0,0,1,0,1,0,0,0,0,0,0,0,0,0,0,0,1
PRJ-0081,Auditoria_Fiscal_Tributaria,Alta,2,Saude_Farma,Supervisor,2,"[""ESG_Sustentabilidade"", ""Auditoria_Financeira"", ""SOX"", ""Auditoria_Fiscal"", ""IFRS"", ""BRGAAP""]",6,"[""CIA"", ""CRC""]",2,49,68057.09,2026-06-10,1,2,1,0,1,1,0,0,0,1,0,0,1,0,0,1,0,0,1,0,0,1,0,0,0,0,0,1,0,0,0,0,0,0
PRJ-0082,Forensics_Investigacao,Baixa,0,Tecnologia,Senior,1,"[""Gestao_Riscos"", ""ESG_Sustentabilidade"", ""Forensics_Antilavagem"", ""Auditoria_Financeira""]",4,[],0,9,11904.91,2026-08-23,1,2,0,0,0,0,0,0,0,1,0,0,0,0,1,1,1,0,0,0,0,0,0,0,0,0,0,0,0,0,1,0,0,0
PRJ-0083,Auditoria_Fiscal_Tributaria,Critica,3,Tecnologia,Socio,4,"[""CISA"", ""SOX"", ""Auditoria_Fiscal"", ""Auditoria_Operacional"", ""IFRS"", ""BRGAAP"", ""USGAAP""]",7,"[""CPA"", ""CIA"", ""CRC""]",3,44,66096.65,2026-08-23,1,4,1,1,1,1,0,1,0,0,1,0,1,0,0,0,0,1,1,0,0,1,0,0,0,0,0,0,0,0,1,0,0,0
PRJ-0084,ESG_Assurance,Critica,3,Seguros,Socio,4,"[""ESG_Sustentabilidade"", ""Auditoria_Fiscal"", ""Auditoria_TI"", ""Auditoria_Operacional"", ""BRGAAP"", ""USGAAP""]",6,"[""ACCA"", ""CFE"", ""CPA""]",3,40,72248.91,2026-06-15,1,2,0,1,1,0,0,0,0,0,1,1,1,0,0,1,0,1,0,0,1,0,1,0,0,1,0,0,0,0,0,0,0,0
PRJ-0085,Auditoria_TI_Sistemas,Alta,2,Energia_Utilities,Supervisor,2,"[""CISA"", ""ESG_Sustentabilidade"", ""SOX"", ""COSO"", ""ISO27001"", ""Auditoria_TI""]",6,"[""CFA"", ""CISA""]",2,35,83099.5,2026-06-29,1,5,0,0,0,1,1,1,1,0,0,1,0,0,0,1,0,0,0,1,0,0,0,1,0,0,1,0,0,0,0,0,0,0
PRJ-0086,Forensics_Investigacao,Media,1,Varejo_Consumo,Senior,1,"[""Forensics_Antilavagem"", ""Auditoria_Financeira"", ""SOX""]",3,"[""CPA""]",1,22,52888.95,2026-06-04,0,2,0,0,0,1,0,0,0,1,0,0,0,0,1,0,0,1,0,0,0,0,0,0,0,0,0,0,1,0,0,0,0,0
PRJ-0087,IPO_Readiness,Baixa,0,Seguros,Senior,1,"[""IFRS"", ""Auditoria_Financeira""]",2,[],0,11,11873.81,2026-10-23,0,2,1,0,0,0,0,0,0,1,0,0,0,0,0,0,0,0,0,0,0,0,0,0,0,1,0,0,0,0,0,0,0,0
PRJ-0088,Forensics_Investigacao,Media,1,Agronegocio,Supervisor,2,"[""CISA"", ""Forensics_Antilavagem"", ""Auditoria_Financeira"", ""SOX""]",4,"[""CFE""]",1,23,30454.83,2026-09-22,0,3,0,0,0,1,0,1,0,1,0,0,0,0,1,0,0,0,0,0,1,0,0,0,0,0,0,0,0,0,0,0,1,0
PRJ-0089,Auditoria_Interna_Operacional,Baixa,0,Varejo_Consumo,Junior,0,"[""COSO"", ""Auditoria_Operacional""]",2,[],0,8,17638.86,2026-10-09,0,2,0,0,0,0,1,0,0,0,1,0,0,0,0,0,0,0,0,0,0,0,0,0,0,0,0,0,1,0,0,0,0,0
PRJ-0090,Revisao_Controles_Internos,Alta,2,Industria_Manufacturing,Gerente,3,"[""CISA"", ""SOX"", ""COSO"", ""BRGAAP"", ""USGAAP""]",5,"[""CISA"", ""CFE""]",2,35,58550.85,2026-05-23,1,4,0,1,1,1,1,1,0,0,0,0,0,0,0,0,0,0,0,1,1,0,0,0,0,0,0,0,0,1,0,0,0,0
PRJ-0091,Auditoria_Compliance_Regulatoria,Alta,2,Energia_Utilities,Gerente,3,"[""Auditoria_Financeira"", ""ISO27001"", ""Gestao_Riscos"", ""Auditoria_Compliance"", ""IFRS""]",5,"[""CRC"", ""ACCA""]",2,28,48585.75,2026-11-08,1,2,1,0,0,0,0,0,1,1,0,0,0,1,0,0,1,0,0,0,0,1,1,0,0,0,1,0,0,0,0,0,0,0
PRJ-0092,ESG_Assurance,Baixa,0,Energia_Utilities,Senior,1,"[""IFRS"", ""ESG_Sustentabilidade"", ""Auditoria_Operacional"", ""USGAAP""]",4,[],0,13,11762.89,2026-09-22,0,2,1,1,0,0,0,0,0,0,1,0,0,0,0,1,0,0,0,0,0,0,0,0,0,0,1,0,0,0,0,0,0,0
PRJ-0093,Due_Diligence,Baixa,0,Tecnologia,Senior,1,"[""CISA"", ""Gestao_Riscos"", ""Auditoria_Financeira""]",3,[],0,16,31466.96,2026-06-04,1,2,0,0,0,0,0,1,0,1,0,0,0,0,0,0,1,0,0,0,0,0,0,0,0,0,0,0,0,0,1,0,0,0
PRJ-0094,IPO_Readiness,Media,1,Seguros,Supervisor,2,"[""IFRS"", ""Auditoria_Financeira"", ""SOX"", ""USGAAP""]",4,"[""CPA""]",1,18,20451.16,2026-11-10,0,4,1,1,0,1,0,0,0,1,0,0,0,0,0,0,0,1,0,0,0,0,0,0,0,1,0,0,0,0,0,0,0,0
PRJ-0095,ESG_Assurance,Alta,2,Seguros,Gerente,3,"[""CISA"", ""Gestao_Riscos"", ""ESG_Sustentabilidade"", ""Auditoria_Operacional""]",4,"[""CPA"", ""CFA""]",2,28,67252.56,2026-07-04,1,2,0,0,0,0,0,1,0,0,1,0,0,0,0,1,1,1,0,0,0,0,0,1,0,1,0,0,0,0,0,0,0,0
PRJ-0096,Due_Diligence,Critica,3,Tecnologia,Gerente,3,"[""Auditoria_Financeira"", ""Forensics_Antilavagem"", ""ISO27001"", ""Gestao_Riscos"", ""Auditoria_Operacional"", ""IFRS""]",6,"[""CFE"", ""ACCA"", ""CFA""]",3,74,80939.15,2026-11-06,1,3,1,0,0,0,0,0,1,1,1,0,0,0,1,0,1,0,0,0,1,0,1,1,0,0,0,0,0,0,1,0,0,0
PRJ-0097,Due_Diligence,Media,1,Governo_PublicSector,Supervisor,2,"[""Gestao_Riscos"", ""IFRS"", ""Auditoria_Financeira"", ""BRGAAP""]",4,"[""CRC""]",1,33,61135.8,2026-05-31,0,2,1,0,1,0,0,0,0,1,0,0,0,0,0,0,1,0,0,0,0,1,0,0,0,0,0,0,0,0,0,1,0,0
PRJ-0098,Auditoria_Compliance_Regulatoria,Media,1,Agronegocio,Senior,1,"[""Auditoria_Financeira"", ""Gestao_Riscos"", ""Auditoria_Compliance"", ""IFRS"", ""USGAAP""]",5,"[""CISA""]",1,16,23218.02,2026-06-16,0,3,1,1,0,0,0,0,0,1,0,0,0,1,0,0,1,0,0,1,0,0,0,0,0,0,0,0,0,0,0,0,1,0
PRJ-0099,Revisao_Controles_Internos,Alta,2,Agronegocio,Gerente,3,"[""CISA"", ""COSO"", ""SOX"", ""Forensics_Antilavagem""]",4,"[""CFA"", ""CRC""]",2,43,92503.26,2026-05-30,1,5,0,0,0,1,1,1,0,0,0,0,0,0,1,0,0,0,0,0,0,1,0,1,0,0,0,0,0,0,0,0,1,0
PRJ-0100,Forensics_Investigacao,Media,1,Governo_PublicSector,Supervisor,2,"[""CISA"", ""Forensics_Antilavagem"", ""Auditoria_Financeira"", ""Auditoria_Fiscal""]",4,"[""CRC""]",1,13,17507.46,2026-10-09,0,3,0,0,0,0,0,1,0,1,0,0,1,0,1,0,0,0,0,0,0,1,0,0,0,0,0,0,0,0,0,1,0,0
PRJ-0101,Due_Diligence,Baixa,0,Telecomunicacoes,Senior,1,"[""Gestao_Riscos"", ""Auditoria_Financeira""]",2,[],0,14,16412.68,2026-08-09,0,2,0,0,0,0,0,0,0,1,0,0,0,0,0,0,1,0,0,0,0,0,0,0,0,0,0,0,0,0,0,0,0,1
PRJ-0102,Auditoria_Financeira_Anual,Alta,2,Governo_PublicSector,Gerente,3,"[""Auditoria_Financeira"", ""Auditoria_Fiscal"", ""COSO"", ""ISO27001"", ""Auditoria_Compliance"", ""IFRS""]",6,"[""CIA"", ""CPA""]",2,46,56182.42,2026-06-30,1,3,1,0,0,0,1,0,1,1,0,0,1,1,0,0,0,1,1,0,0,0,0,0,0,0,0,0,0,0,0,1,0,0
PRJ-0103,Auditoria_Compliance_Regulatoria,Media,1,Financeiro_Bancario,Supervisor,2,"[""ESG_Sustentabilidade"", ""SOX"", ""Gestao_Riscos"", ""Auditoria_TI"", ""Auditoria_Compliance""]",5,"[""CFA""]",1,17,41999.01,2026-06-04,1,3,0,0,0,1,0,0,0,0,0,1,0,1,0,1,1,0,0,0,0,0,0,1,1,0,0,0,0,0,0,0,0,0
PRJ-0104,Forensics_Investigacao,Critica,3,Energia_Utilities,Gerente,3,"[""Auditoria_Financeira"", ""SOX"", ""Auditoria_Fiscal"", ""Forensics_Antilavagem"", ""BRGAAP""]",5,"[""CISA"", ""ACCA"", ""CFA""]",3,82,193008.81,2026-10-03,1,2,0,0,1,1,0,0,0,1,0,0,1,0,1,0,0,0,0,1,0,0,1,1,0,0,1,0,0,0,0,0,0,0
PRJ-0105,Forensics_Investigacao,Critica,3,Telecomunicacoes,Socio,4,"[""Auditoria_Financeira"", ""SOX"", ""Auditoria_Fiscal"", ""Forensics_Antilavagem"", ""BRGAAP""]",5,"[""CFA"", ""CFE"", ""CRC""]",3,32,42412.49,2026-06-22,1,5,0,0,1,1,0,0,0,1,0,0,1,0,1,0,0,0,0,0,1,1,0,1,0,0,0,0,0,0,0,0,0,1
PRJ-0106,Auditoria_Financeira_Anual,Baixa,0,Saude_Farma,Junior,0,"[""IFRS"", ""COSO"", ""Auditoria_Financeira"", ""Auditoria_Compliance""]",4,[],0,17,14175.92,2026-10-12,0,2,1,0,0,0,1,0,0,1,0,0,0,1,0,0,0,0,0,0,0,0,0,0,0,0,0,1,0,0,0,0,0,0
PRJ-0107,Auditoria_Financeira_Anual,Media,1,Telecomunicacoes,Senior,1,"[""Auditoria_Financeira"", ""SOX"", ""COSO"", ""ISO27001"", ""IFRS""]",5,"[""ACCA""]",1,23,25338.68,2026-08-20,0,3,1,0,0,1,1,0,1,1,0,0,0,0,0,0,0,0,0,0,0,0,1,0,0,0,0,0,0,0,0,0,0,1
PRJ-0108,Auditoria_Financeira_Anual,Baixa,0,Telecomunicacoes,Senior,1,"[""IFRS"", ""ESG_Sustentabilidade"", ""Auditoria_Financeira""]",3,[],0,18,42467.06,2026-07-25,0,2,1,0,0,0,0,0,0,1,0,0,0,0,0,1,0,0,0,0,0,0,0,0,0,0,0,0,0,0,0,0,0,1
PRJ-0109,Auditoria_Fiscal_Tributaria,Alta,2,Seguros,Gerente,3,"[""ESG_Sustentabilidade"", ""Auditoria_Financeira"", ""Auditoria_Fiscal"", ""Forensics_Antilavagem"", ""ISO27001"", ""BRGAAP""]",6,"[""CRC"", ""CPA""]",2,31,42536.77,2026-10-08,1,4,0,0,1,0,0,0,1,1,0,0,1,0,1,1,0,1,0,0,0,1,0,0,0,1,0,0,0,0,0,0,0,0
PRJ-0110,Due_Diligence,Critica,3,Tecnologia,Socio,4,"[""CISA"", ""ESG_Sustentabilidade"", ""Auditoria_Financeira"", ""Gestao_Riscos"", ""Auditoria_Operacional"", ""Auditoria_Compliance"", ""BRGAAP""]",7,"[""ACCA"", ""CRC"", ""CFA""]",3,50,106894.3,2026-06-08,1,3,0,0,1,0,0,1,0,1,1,0,0,1,0,1,1,0,0,0,0,1,1,1,0,0,0,0,0,0,1,0,0,0
PRJ-0111,IPO_Readiness,Alta,2,Tecnologia,Gerente,3,"[""Auditoria_Financeira"", ""SOX"", ""ISO27001"", ""Gestao_Riscos"", ""IFRS""]",5,"[""CIA"", ""CFA""]",2,22,44858.28,2026-10-15,1,6,1,0,0,1,0,0,1,1,0,0,0,0,0,0,1,0,1,0,0,0,0,1,0,0,0,0,0,0,1,0,0,0
PRJ-0112,Auditoria_TI_Sistemas,Alta,2,Telecomunicacoes,Gerente,3,"[""CISA"", ""Forensics_Antilavagem"", ""ISO27001"", ""Auditoria_TI"", ""IFRS"", ""BRGAAP""]",6,"[""CISA"", ""CRC""]",2,38,44669.83,2026-09-01,1,6,1,0,1,0,0,1,1,0,0,1,0,0,1,0,0,0,0,1,0,1,0,0,0,0,0,0,0,0,0,0,0,1
PRJ-0113,Auditoria_Interna_Operacional,Critica,3,Energia_Utilities,Gerente,3,"[""ESG_Sustentabilidade"", ""SOX"", ""COSO"", ""ISO27001"", ""Gestao_Riscos"", ""Auditoria_Operacional"", ""USGAAP""]",7,"[""CISA"", ""CIA"", ""CPA""]",3,41,90069.83,2026-10-31,1,7,0,1,0,1,1,0,1,0,1,0,0,0,0,1,1,1,1,1,0,0,0,0,0,0,1,0,0,0,0,0,0,0
PRJ-0114,Forensics_Investigacao,Media,1,Varejo_Consumo,Senior,1,"[""Forensics_Antilavagem"", ""Auditoria_Financeira"", ""SOX""]",3,"[""CIA""]",1,30,59351.98,2026-09-15,0,3,0,0,0,1,0,0,0,1,0,0,0,0,1,0,0,0,1,0,0,0,0,0,0,0,0,0,1,0,0,0,0,0
PRJ-0115,Auditoria_Compliance_Regulatoria,Alta,2,Financeiro_Bancario,Supervisor,2,"[""Gestao_Riscos"", ""IFRS"", ""ISO27001"", ""Auditoria_Compliance""]",4,"[""CFE"", ""ACCA""]",2,75,113505.79,2026-06-02,1,3,1,0,0,0,0,0,1,0,0,0,0,1,0,0,1,0,0,0,1,0,1,0,1,0,0,0,0,0,0,0,0,0
PRJ-0116,Auditoria_TI_Sistemas,Media,1,Tecnologia,Senior,1,"[""CISA"", ""Auditoria_TI"", ""Auditoria_Financeira"", ""ISO27001""]",4,"[""CRC""]",1,17,24447.54,2026-10-25,1,3,0,0,0,0,0,1,1,1,0,1,0,0,0,0,0,0,0,0,0,1,0,0,0,0,0,0,0,0,1,0,0,0
PRJ-0117,IPO_Readiness,Alta,2,Saude_Farma,Gerente,3,"[""IFRS"", ""COSO"", ""Auditoria_Financeira"", ""SOX""]",4,"[""CFE"", ""CPA""]",2,29,62600.29,2026-06-13,1,2,1,0,0,1,1,0,0,1,0,0,0,0,0,0,0,1,0,0,1,0,0,0,0,0,0,1,0,0,0,0,0,0
PRJ-0118,Auditoria_Compliance_Regulatoria,Baixa,0,Varejo_Consumo,Junior,0,"[""Gestao_Riscos"", ""Auditoria_Compliance""]",2,[],0,5,12089.13,2026-07-06,0,2,0,0,0,0,0,0,0,0,0,0,0,1,0,0,1,0,0,0,0,0,0,0,0,0,0,0,1,0,0,0,0,0
PRJ-0119,Forensics_Investigacao,Baixa,0,Tecnologia,Junior,0,"[""Forensics_Antilavagem"", ""Auditoria_Financeira""]",2,[],0,10,10735.38,2026-07-31,1,2,0,0,0,0,0,0,0,1,0,0,0,0,1,0,0,0,0,0,0,0,0,0,0,0,0,0,0,0,1,0,0,0
PRJ-0120,Auditoria_Fiscal_Tributaria,Critica,3,Seguros,Socio,4,"[""ESG_Sustentabilidade"", ""Auditoria_Fiscal"", ""ISO27001"", ""Auditoria_Compliance"", ""BRGAAP""]",5,"[""CFE"", ""ACCA"", ""CPA""]",3,64,98127.98,2026-09-01,1,7,0,0,1,0,0,0,1,0,0,0,1,1,0,1,0,1,0,0,1,0,1,0,0,1,0,0,0,0,0,0,0,0
PRJ-0121,Due_Diligence,Alta,2,Tecnologia,Gerente,3,"[""Gestao_Riscos"", ""IFRS"", ""Auditoria_Financeira"", ""BRGAAP""]",4,"[""CPA"", ""CISA""]",2,47,54023.48,2026-09-11,1,3,1,0,1,0,0,0,0,1,0,0,0,0,0,0,1,1,0,1,0,0,0,0,0,0,0,0,0,0,1,0,0,0
PRJ-0122,Auditoria_TI_Sistemas,Alta,2,Agronegocio,Supervisor,2,"[""CISA"", ""ESG_Sustentabilidade"", ""COSO"", ""ISO27001"", ""Gestao_Riscos"", ""Auditoria_TI""]",6,"[""CISA"", ""CIA""]",2,31,29854.77,2026-09-04,1,5,0,0,0,0,1,1,1,0,0,1,0,0,0,1,1,0,1,1,0,0,0,0,0,0,0,0,0,0,0,0,1,0
PRJ-0123,IPO_Readiness,Media,1,Governo_PublicSector,Supervisor,2,"[""IFRS"", ""COSO"", ""Auditoria_Financeira"", ""SOX""]",4,"[""CPA""]",1,18,25441.36,2026-05-26,0,3,1,0,0,1,1,0,0,1,0,0,0,0,0,0,0,1,0,0,0,0,0,0,0,0,0,0,0,0,0,1,0,0
PRJ-0124,Auditoria_Interna_Operacional,Media,1,Telecomunicacoes,Senior,1,"[""SOX"", ""COSO"", ""Auditoria_TI"", ""Auditoria_Operacional"", ""USGAAP""]",5,"[""CPA""]",1,14,16125.48,2026-06-03,0,4,0,1,0,1,1,0,0,0,1,1,0,0,0,0,0,1,0,0,0,0,0,0,0,0,0,0,0,0,0,0,0,1
PRJ-0125,Auditoria_Compliance_Regulatoria,Critica,3,Governo_PublicSector,Gerente,3,"[""Auditoria_Financeira"", ""COSO"", ""ISO27001"", ""Gestao_Riscos"", ""Auditoria_TI"", ""Auditoria_Compliance"", ""USGAAP""]",7,"[""ACCA"", ""CISA"", ""CPA""]",3,55,104014.51,2026-11-02,1,5,0,1,0,0,1,0,1,1,0,1,0,1,0,0,1,1,0,1,0,0,1,0,0,0,0,0,0,0,0,1,0,0
PRJ-0126,Due_Diligence,Media,1,Tecnologia,Senior,1,"[""CISA"", ""Gestao_Riscos"", ""Auditoria_Financeira""]",3,"[""CIA""]",1,29,45176.72,2026-07-18,1,3,0,0,0,0,0,1,0,1,0,0,0,0,0,0,1,0,1,0,0,0,0,0,0,0,0,0,0,0,1,0,0,0
PRJ-0127,ESG_Assurance,Media,1,Saude_Farma,Supervisor,2,"[""COSO"", ""ESG_Sustentabilidade"", ""Auditoria_Operacional""]",3,"[""CRC""]",1,24,21714.89,2026-08-09,0,4,0,0,0,0,1,0,0,0,1,0,0,0,0,1,0,0,0,0,0,1,0,0,0,0,0,1,0,0,0,0,0,0
PRJ-0128,Auditoria_Interna_Operacional,Baixa,0,Industria_Manufacturing,Junior,0,"[""COSO"", ""Gestao_Riscos"", ""Auditoria_Operacional""]",3,[],0,21,36129.73,2026-08-27,0,2,0,0,0,0,1,0,0,0,1,0,0,0,0,0,1,0,0,0,0,0,0,0,0,0,0,0,0,1,0,0,0,0
PRJ-0129,Auditoria_Fiscal_Tributaria,Baixa,0,Tecnologia,Junior,0,"[""Auditoria_Fiscal"", ""Auditoria_TI"", ""BRGAAP""]",3,[],0,10,15116.75,2026-07-05,1,2,0,0,1,0,0,0,0,0,0,1,1,0,0,0,0,0,0,0,0,0,0,0,0,0,0,0,0,0,1,0,0,0
PRJ-0130,IPO_Readiness,Alta,2,Governo_PublicSector,Supervisor,2,"[""Auditoria_Financeira"", ""SOX"", ""ISO27001"", ""IFRS"", ""BRGAAP""]",5,"[""CFE"", ""ACCA""]",2,63,54119.42,2026-06-03,1,6,1,0,1,1,0,0,1,1,0,0,0,0,0,0,0,0,0,0,1,0,1,0,0,0,0,0,0,0,0,1,0,0
PRJ-0131,Auditoria_Fiscal_Tributaria,Alta,2,Telecomunicacoes,Supervisor,2,"[""Auditoria_Fiscal"", ""SOX"", ""BRGAAP"", ""USGAAP""]",4,"[""CFA"", ""CFE""]",2,56,61258.08,2026-11-09,1,3,0,1,1,1,0,0,0,0,0,0,1,0,0,0,0,0,0,0,1,0,0,1,0,0,0,0,0,0,0,0,0,1
PRJ-0132,Revisao_Controles_Internos,Alta,2,Energia_Utilities,Gerente,3,"[""ESG_Sustentabilidade"", ""SOX"", ""COSO"", ""Auditoria_Operacional"", ""IFRS"", ""USGAAP""]",6,"[""CIA"", ""ACCA""]",2,22,23130.65,2026-10-11,1,6,1,1,0,1,1,0,0,0,1,0,0,0,0,1,0,0,1,0,0,0,1,0,0,0,1,0,0,0,0,0,0,0
PRJ-0133,Auditoria_Compliance_Regulatoria,Media,1,Seguros,Supervisor,2,"[""USGAAP"", ""Gestao_Riscos"", ""Auditoria_Compliance""]",3,"[""CFE""]",1,20,34916.38,2026-07-20,0,4,0,1,0,0,0,0,0,0,0,0,0,1,0,0,1,0,0,0,1,0,0,0,0,1,0,0,0,0,0,0,0,0
PRJ-0134,Forensics_Investigacao,Alta,2,Agronegocio,Gerente,3,"[""Auditoria_Financeira"", ""Auditoria_Fiscal"", ""Forensics_Antilavagem"", ""Auditoria_Operacional"", ""IFRS""]",5,"[""CRC"", ""CFA""]",2,30,63865.97,2026-08-27,1,2,1,0,0,0,0,0,0,1,1,0,1,0,1,0,0,0,0,0,0,1,0,1,0,0,0,0,0,0,0,0,1,0
PRJ-0135,Auditoria_TI_Sistemas,Baixa,0,Telecomunicacoes,Junior,0,"[""CISA"", ""Auditoria_TI"", ""ISO27001"", ""Forensics_Antilavagem""]",4,[],0,6,10743.31,2026-10-27,0,2,0,0,0,0,0,1,1,0,0,1,0,0,1,0,0,0,0,0,0,0,0,0,0,0,0,0,0,0,0,0,0,1
PRJ-0136,Auditoria_Interna_Operacional,Media,1,Seguros,Supervisor,2,"[""CISA"", ""COSO"", ""Gestao_Riscos"", ""Auditoria_Operacional""]",4,"[""CFA""]",1,14,23948.08,2026-05-26,0,3,0,0,0,0,1,1,0,0,1,0,0,0,0,0,1,0,0,0,0,0,0,1,0,1,0,0,0,0,0,0,0,0
PRJ-0137,Auditoria_TI_Sistemas,Media,1,Governo_PublicSector,Supervisor,2,"[""CISA"", ""Auditoria_TI"", ""ISO27001"", ""Forensics_Antilavagem""]",4,"[""CRC""]",1,11,17645.97,2026-06-10,0,2,0,0,0,0,0,1,1,0,0,1,0,0,1,0,0,0,0,0,0,1,0,0,0,0,0,0,0,0,0,1,0,0
PRJ-0138,Auditoria_Compliance_Regulatoria,Media,1,Telecomunicacoes,Supervisor,2,"[""Auditoria_Fiscal"", ""ISO27001"", ""Gestao_Riscos"", ""Auditoria_TI"", ""Auditoria_Compliance""]",5,"[""CPA""]",1,18,26511.26,2026-10-29,0,3,0,0,0,0,0,0,1,0,0,1,1,1,0,0,1,1,0,0,0,0,0,0,0,0,0,0,0,0,0,0,0,1
PRJ-0139,Revisao_Controles_Internos,Baixa,0,Governo_PublicSector,Senior,1,"[""COSO"", ""Auditoria_Financeira"", ""SOX"", ""ISO27001""]",4,[],0,5,4171.98,2026-11-06,0,2,0,0,0,1,1,0,1,1,0,0,0,0,0,0,0,0,0,0,0,0,0,0,0,0,0,0,0,0,0,1,0,0
PRJ-0140,Auditoria_Compliance_Regulatoria,Media,1,Governo_PublicSector,Senior,1,"[""Gestao_Riscos"", ""Forensics_Antilavagem"", ""Auditoria_Compliance""]",3,"[""ACCA""]",1,18,17405.45,2026-06-29,0,2,0,0,0,0,0,0,0,0,0,0,0,1,1,0,1,0,0,0,0,0,1,0,0,0,0,0,0,0,0,1,0,0
PRJ-0141,Due_Diligence,Media,1,Governo_PublicSector,Senior,1,"[""CISA"", ""Gestao_Riscos"", ""ESG_Sustentabilidade"", ""Auditoria_Financeira""]",4,"[""CISA""]",1,20,40779.18,2026-09-27,0,4,0,0,0,0,0,1,0,1,0,0,0,0,0,1,1,0,0,1,0,0,0,0,0,0,0,0,0,0,0,1,0,0
PRJ-0142,Auditoria_Interna_Operacional,Baixa,0,Saude_Farma,Junior,0,"[""COSO"", ""Auditoria_Operacional""]",2,[],0,18,42351.04,2026-11-07,0,2,0,0,0,0,1,0,0,0,1,0,0,0,0,0,0,0,0,0,0,0,0,0,0,0,0,1,0,0,0,0,0,0
PRJ-0143,ESG_Assurance,Alta,2,Industria_Manufacturing,Gerente,3,"[""ESG_Sustentabilidade"", ""Auditoria_Operacional"", ""Auditoria_TI"", ""IFRS"", ""BRGAAP""]",5,"[""CPA"", ""CISA""]",2,26,52162.97,2026-08-28,1,5,1,0,1,0,0,0,0,0,1,1,0,0,0,1,0,1,0,1,0,0,0,0,0,0,0,0,0,1,0,0,0,0
PRJ-0144,Due_Diligence,Alta,2,Agronegocio,Supervisor,2,"[""Auditoria_Financeira"", ""Auditoria_Fiscal"", ""Gestao_Riscos"", ""IFRS"", ""BRGAAP""]",5,"[""CIA"", ""CFA""]",2,31,68908.67,2026-06-20,1,3,1,0,1,0,0,0,0,1,0,0,1,0,0,0,1,0,1,0,0,0,0,1,0,0,0,0,0,0,0,0,1,0
PRJ-0145,Auditoria_Financeira_Anual,Media,1,Industria_Manufacturing,Senior,1,"[""IFRS"", ""ESG_Sustentabilidade"", ""Auditoria_Financeira""]",3,"[""CIA""]",1,26,32909.81,2026-05-31,0,3,1,0,0,0,0,0,0,1,0,0,0,0,0,1,0,0,1,0,0,0,0,0,0,0,0,0,0,1,0,0,0,0
PRJ-0146,Auditoria_Fiscal_Tributaria,Media,1,Seguros,Supervisor,2,"[""Auditoria_Fiscal"", ""Forensics_Antilavagem"", ""BRGAAP""]",3,"[""CPA""]",1,20,24225.9,2026-06-24,0,3,0,0,1,0,0,0,0,0,0,0,1,0,1,0,0,1,0,0,0,0,0,0,0,1,0,0,0,0,0,0,0,0
PRJ-0147,IPO_Readiness,Media,1,Governo_PublicSector,Senior,1,"[""IFRS"", ""Auditoria_Financeira"", ""SOX""]",3,"[""CRC""]",1,8,13898.14,2026-05-25,0,3,1,0,0,1,0,0,0,1,0,0,0,0,0,0,0,0,0,0,0,1,0,0,0,0,0,0,0,0,0,1,0,0
PRJ-0148,Due_Diligence,Alta,2,Varejo_Consumo,Gerente,3,"[""ESG_Sustentabilidade"", ""Auditoria_Financeira"", ""Forensics_Antilavagem"", ""COSO"", ""Gestao_Riscos"", ""USGAAP""]",6,"[""CPA"", ""CFE""]",2,44,38913.9,2026-06-28,1,6,0,1,0,0,1,0,0,1,0,0,0,0,1,1,1,1,0,0,1,0,0,0,0,0,0,0,1,0,0,0,0,0
PRJ-0149,Revisao_Controles_Internos,Alta,2,Saude_Farma,Supervisor,2,"[""CISA"", ""SOX"", ""COSO"", ""Forensics_Antilavagem"", ""ISO27001"", ""Auditoria_Operacional""]",6,"[""CRC"", ""CPA""]",2,31,70366.0,2026-07-29,1,2,0,0,0,1,1,1,1,0,1,0,0,0,1,0,0,1,0,0,0,1,0,0,0,0,0,1,0,0,0,0,0,0
PRJ-0150,ESG_Assurance,Critica,3,Energia_Utilities,Socio,4,"[""ESG_Sustentabilidade"", ""SOX"", ""Auditoria_Fiscal"", ""Auditoria_Operacional"", ""IFRS""]",5,"[""CISA"", ""CRC"", ""CFA""]",3,74,148862.75,2026-10-22,1,7,1,0,0,1,0,0,0,0,1,0,1,0,0,1,0,0,0,1,0,1,0,1,0,0,1,0,0,0,0,0,0,0
PRJ-0151,Auditoria_Compliance_Regulatoria,Media,1,Tecnologia,Senior,1,"[""CISA"", ""Gestao_Riscos"", ""Auditoria_Financeira"", ""Auditoria_Compliance""]",4,"[""CISA""]",1,37,43325.35,2026-08-25,1,3,0,0,0,0,0,1,0,1,0,0,0,1,0,0,1,0,0,1,0,0,0,0,0,0,0,0,0,0,1,0,0,0
PRJ-0152,Auditoria_Fiscal_Tributaria,Alta,2,Tecnologia,Gerente,3,"[""Auditoria_Fiscal"", ""Auditoria_Compliance"", ""IFRS"", ""BRGAAP"", ""USGAAP""]",5,"[""CRC"", ""ACCA""]",2,43,105050.09,2026-11-04,1,4,1,1,1,0,0,0,0,0,0,0,1,1,0,0,0,0,0,0,0,1,1,0,0,0,0,0,0,0,1,0,0,0
PRJ-0153,Auditoria_Fiscal_Tributaria,Alta,2,Telecomunicacoes,Supervisor,2,"[""CISA"", ""Auditoria_Fiscal"", ""Forensics_Antilavagem"", ""Gestao_Riscos"", ""BRGAAP""]",5,"[""CPA"", ""CFE""]",2,39,35432.4,2026-11-05,1,4,0,0,1,0,0,1,0,0,0,0,1,0,1,0,1,1,0,0,1,0,0,0,0,0,0,0,0,0,0,0,0,1
PRJ-0154,Forensics_Investigacao,Alta,2,Varejo_Consumo,Supervisor,2,"[""ESG_Sustentabilidade"", ""Forensics_Antilavagem"", ""Auditoria_Financeira"", ""Auditoria_Compliance""]",4,"[""ACCA"", ""CISA""]",2,63,70573.36,2026-07-21,1,6,0,0,0,0,0,0,0,1,0,0,0,1,1,1,0,0,0,1,0,0,1,0,0,0,0,0,1,0,0,0,0,0
PRJ-0155,Revisao_Controles_Internos,Alta,2,Telecomunicacoes,Gerente,3,"[""COSO"", ""Auditoria_Operacional"", ""SOX"", ""Forensics_Antilavagem""]",4,"[""CISA"", ""ACCA""]",2,47,48780.37,2026-09-18,1,2,0,0,0,1,1,0,0,0,1,0,0,0,1,0,0,0,0,1,0,0,1,0,0,0,0,0,0,0,0,0,0,1
PRJ-0156,ESG_Assurance,Critica,3,Varejo_Consumo,Socio,4,"[""ESG_Sustentabilidade"", ""Forensics_Antilavagem"", ""ISO27001"", ""Gestao_Riscos"", ""Auditoria_Operacional"", ""IFRS""]",6,"[""CRC"", ""ACCA"", ""CFA""]",3,58,126859.05,2026-10-29,1,4,1,0,0,0,0,0,1,0,1,0,0,0,1,1,1,0,0,0,0,1,1,1,0,0,0,0,1,0,0,0,0,0
PRJ-0157,Revisao_Controles_Internos,Alta,2,Governo_PublicSector,Gerente,3,"[""COSO"", ""Auditoria_Financeira"", ""SOX"", ""Forensics_Antilavagem""]",4,"[""CRC"", ""CISA""]",2,23,51455.89,2026-07-29,1,6,0,0,0,1,1,0,0,1,0,0,0,0,1,0,0,0,0,1,0,1,0,0,0,0,0,0,0,0,0,1,0,0
PRJ-0158,Due_Diligence,Media,1,Governo_PublicSector,Supervisor,2,"[""Auditoria_Financeira"", ""Forensics_Antilavagem"", ""COSO"", ""Gestao_Riscos"", ""BRGAAP""]",5,"[""ACCA""]",1,24,52180.43,2026-06-12,0,2,0,0,1,0,1,0,0,1,0,0,0,0,1,0,1,0,0,0,0,0,1,0,0,0,0,0,0,0,0,1,0,0
PRJ-0159,Forensics_Investigacao,Alta,2,Saude_Farma,Supervisor,2,"[""CISA"", ""Auditoria_Financeira"", ""SOX"", ""COSO"", ""Forensics_Antilavagem""]",5,"[""CFE"", ""CISA""]",2,30,42955.8,2026-07-04,1,6,0,0,0,1,1,1,0,1,0,0,0,0,1,0,0,0,0,1,1,0,0,0,0,0,0,1,0,0,0,0,0,0
PRJ-0160,Auditoria_Compliance_Regulatoria,Media,1,Seguros,Senior,1,"[""Gestao_Riscos"", ""Auditoria_Financeira"", ""Auditoria_Compliance""]",3,"[""CPA""]",1,21,47730.24,2026-06-11,0,4,0,0,0,0,0,0,0,1,0,0,0,1,0,0,1,1,0,0,0,0,0,0,0,1,0,0,0,0,0,0,0,0
PRJ-0161,IPO_Readiness,Critica,3,Seguros,Gerente,3,"[""CISA"", ""Auditoria_Financeira"", ""SOX"", ""Auditoria_Fiscal"", ""Auditoria_Compliance"", ""IFRS""]",6,"[""CPA"", ""ACCA"", ""CFE""]",3,73,124152.96,2026-10-16,1,5,1,0,0,1,0,1,0,1,0,0,1,1,0,0,0,1,0,0,1,0,1,0,0,1,0,0,0,0,0,0,0,0
PRJ-0162,Auditoria_Financeira_Anual,Alta,2,Energia_Utilities,Supervisor,2,"[""Auditoria_Financeira"", ""SOX"", ""COSO"", ""ISO27001"", ""IFRS""]",5,"[""CFE"", ""CRC""]",2,55,127481.02,2026-08-16,1,5,1,0,0,1,1,0,1,1,0,0,0,0,0,0,0,0,0,0,1,1,0,0,0,0,1,0,0,0,0,0,0,0
PRJ-0163,Due_Diligence,Media,1,Energia_Utilities,Supervisor,2,"[""Gestao_Riscos"", ""ESG_Sustentabilidade"", ""Auditoria_Financeira"", ""USGAAP""]",4,"[""CFE""]",1,21,28674.87,2026-08-03,0,2,0,1,0,0,0,0,0,1,0,0,0,0,0,1,1,0,0,0,1,0,0,0,0,0,1,0,0,0,0,0,0,0
PRJ-0164,Forensics_Investigacao,Alta,2,Financeiro_Bancario,Supervisor,2,"[""Auditoria_Financeira"", ""SOX"", ""COSO"", ""Forensics_Antilavagem"", ""Auditoria_Operacional""]",5,"[""CFA"", ""CIA""]",2,12,21356.09,2026-07-08,1,3,0,0,0,1,1,0,0,1,1,0,0,0,1,0,0,0,1,0,0,0,0,1,1,0,0,0,0,0,0,0,0,0
PRJ-0165,ESG_Assurance,Alta,2,Seguros,Supervisor,2,"[""ESG_Sustentabilidade"", ""Auditoria_Fiscal"", ""ISO27001"", ""Auditoria_Operacional"", ""Auditoria_Compliance"", ""BRGAAP""]",6,"[""CFE"", ""CFA""]",2,61,148904.5,2026-08-23,1,5,0,0,1,0,0,0,1,0,1,0,1,1,0,1,0,0,0,0,1,0,0,1,0,1,0,0,0,0,0,0,0,0
PRJ-0166,Auditoria_Financeira_Anual,Baixa,0,Saude_Farma,Junior,0,"[""IFRS"", ""ESG_Sustentabilidade"", ""Auditoria_Financeira""]",3,[],0,5,7171.36,2026-06-06,0,2,1,0,0,0,0,0,0,1,0,0,0,0,0,1,0,0,0,0,0,0,0,0,0,0,0,1,0,0,0,0,0,0
PRJ-0167,Forensics_Investigacao,Alta,2,Agronegocio,Gerente,3,"[""IFRS"", ""Forensics_Antilavagem"", ""Auditoria_Financeira"", ""SOX""]",4,"[""ACCA"", ""CPA""]",2,44,82076.18,2026-06-21,1,3,1,0,0,1,0,0,0,1,0,0,0,0,1,0,0,1,0,0,0,0,1,0,0,0,0,0,0,0,0,0,1,0
PRJ-0168,Revisao_Controles_Internos,Alta,2,Industria_Manufacturing,Gerente,3,"[""COSO"", ""SOX"", ""BRGAAP"", ""ISO27001""]",4,"[""CPA"", ""CFE""]",2,25,41391.8,2026-08-21,1,4,0,0,1,1,1,0,1,0,0,0,0,0,0,0,0,1,0,0,1,0,0,0,0,0,0,0,0,1,0,0,0,0
PRJ-0169,Due_Diligence,Baixa,0,Financeiro_Bancario,Junior,0,"[""Gestao_Riscos"", ""ESG_Sustentabilidade"", ""COSO"", ""Auditoria_Financeira""]",4,[],0,24,37801.79,2026-07-26,1,2,0,0,0,0,1,0,0,1,0,0,0,0,0,1,1,0,0,0,0,0,0,0,1,0,0,0,0,0,0,0,0,0
PRJ-0170,Auditoria_TI_Sistemas,Alta,2,Energia_Utilities,Supervisor,2,"[""CISA"", ""Auditoria_Financeira"", ""Auditoria_Fiscal"", ""ISO27001"", ""Auditoria_TI""]",5,"[""CISA"", ""CIA""]",2,29,31328.76,2026-08-20,1,5,0,0,0,0,0,1,1,1,0,1,1,0,0,0,0,0,1,1,0,0,0,0,0,0,1,0,0,0,0,0,0,0
PRJ-0171,Auditoria_Financeira_Anual,Media,1,Energia_Utilities,Supervisor,2,"[""ESG_Sustentabilidade"", ""Auditoria_Financeira"", ""COSO"", ""IFRS"", ""USGAAP""]",5,"[""CRC""]",1,35,58025.7,2026-10-17,0,2,1,1,0,0,1,0,0,1,0,0,0,0,0,1,0,0,0,0,0,1,0,0,0,0,1,0,0,0,0,0,0,0
PRJ-0172,Forensics_Investigacao,Alta,2,Financeiro_Bancario,Gerente,3,"[""Auditoria_Financeira"", ""COSO"", ""Forensics_Antilavagem"", ""ISO27001"", ""Auditoria_TI"", ""Auditoria_Compliance""]",6,"[""CRC"", ""CPA""]",2,28,50670.79,2026-07-28,1,2,0,0,0,0,1,0,1,1,0,1,0,1,1,0,0,1,0,0,0,1,0,0,1,0,0,0,0,0,0,0,0,0
PRJ-0173,Auditoria_Interna_Operacional,Alta,2,Financeiro_Bancario,Gerente,3,"[""ESG_Sustentabilidade"", ""COSO"", ""Auditoria_Operacional"", ""IFRS"", ""USGAAP""]",5,"[""CFE"", ""CFA""]",2,36,52071.53,2026-07-10,1,6,1,1,0,0,1,0,0,0,1,0,0,0,0,1,0,0,0,0,1,0,0,1,1,0,0,0,0,0,0,0,0,0
PRJ-0174,Auditoria_Compliance_Regulatoria,Media,1,Energia_Utilities,Supervisor,2,"[""Gestao_Riscos"", ""SOX"", ""Auditoria_Compliance""]",3,"[""ACCA""]",1,35,68801.53,2026-10-17,0,2,0,0,0,1,0,0,0,0,0,0,0,1,0,0,1,0,0,0,0,0,1,0,0,0,1,0,0,0,0,0,0,0
PRJ-0175,Auditoria_Compliance_Regulatoria,Media,1,Seguros,Senior,1,"[""Auditoria_Fiscal"", ""COSO"", ""Gestao_Riscos"", ""Auditoria_Operacional"", ""Auditoria_Compliance""]",5,"[""CRC""]",1,69,126240.91,2026-10-26,0,2,0,0,0,0,1,0,0,0,1,0,1,1,0,0,1,0,0,0,0,1,0,0,0,1,0,0,0,0,0,0,0,0
PRJ-0176,Auditoria_TI_Sistemas,Alta,2,Seguros,Gerente,3,"[""CISA"", ""Auditoria_TI"", ""ISO27001"", ""Auditoria_Compliance""]",4,"[""ACCA"", ""CRC""]",2,22,22003.27,2026-10-18,1,2,0,0,0,0,0,1,1,0,0,1,0,1,0,0,0,0,0,0,0,1,1,0,0,1,0,0,0,0,0,0,0,0
PRJ-0177,Auditoria_Interna_Operacional,Media,1,Telecomunicacoes,Supervisor,2,"[""CISA"", ""COSO"", ""Auditoria_Operacional"", ""SOX""]",4,"[""CFA""]",1,16,27029.57,2026-10-24,0,2,0,0,0,1,1,1,0,0,1,0,0,0,0,0,0,0,0,0,0,0,0,1,0,0,0,0,0,0,0,0,0,1
PRJ-0178,Forensics_Investigacao,Alta,2,Varejo_Consumo,Supervisor,2,"[""Auditoria_Financeira"", ""Forensics_Antilavagem"", ""Auditoria_TI"", ""Auditoria_Operacional"", ""IFRS"", ""BRGAAP""]",6,"[""CIA"", ""ACCA""]",2,31,73975.65,2026-07-02,1,4,1,0,1,0,0,0,0,1,1,1,0,0,1,0,0,0,1,0,0,0,1,0,0,0,0,0,1,0,0,0,0,0
PRJ-0179,Revisao_Controles_Internos,Baixa,0,Seguros,Junior,0,"[""COSO"", ""SOX"", ""USGAAP""]",3,[],0,9,19979.05,2026-07-17,0,2,0,1,0,1,1,0,0,0,0,0,0,0,0,0,0,0,0,0,0,0,0,0,0,1,0,0,0,0,0,0,0,0
PRJ-0180,Due_Diligence,Critica,3,Agronegocio,Gerente,3,"[""ESG_Sustentabilidade"", ""Auditoria_Financeira"", ""Forensics_Antilavagem"", ""COSO"", ""Gestao_Riscos"", ""USGAAP""]",6,"[""ACCA"", ""CIA"", ""CFE""]",3,60,148843.92,2026-07-18,1,4,0,1,0,0,1,0,0,1,0,0,0,0,1,1,1,0,1,0,1,0,1,0,0,0,0,0,0,0,0,0,1,0
PRJ-0181,Auditoria_Compliance_Regulatoria,Media,1,Seguros,Senior,1,"[""Gestao_Riscos"", ""BRGAAP"", ""Auditoria_Compliance""]",3,"[""CFA""]",1,31,26878.73,2026-08-31,0,3,0,0,1,0,0,0,0,0,0,0,0,1,0,0,1,0,0,0,0,0,0,1,0,1,0,0,0,0,0,0,0,0
PRJ-0182,Forensics_Investigacao,Alta,2,Industria_Manufacturing,Gerente,3,"[""ESG_Sustentabilidade"", ""Forensics_Antilavagem"", ""Auditoria_Financeira"", ""ISO27001""]",4,"[""CPA"", ""CFA""]",2,21,47189.48,2026-10-15,1,2,0,0,0,0,0,0,1,1,0,0,0,0,1,1,0,1,0,0,0,0,0,1,0,0,0,0,0,1,0,0,0,0
PRJ-0183,Auditoria_Financeira_Anual,Alta,2,Energia_Utilities,Supervisor,2,"[""Auditoria_Financeira"", ""ISO27001"", ""Gestao_Riscos"", ""Auditoria_TI"", ""IFRS""]",5,"[""CRC"", ""CISA""]",2,34,77975.89,2026-08-29,1,2,1,0,0,0,0,0,1,1,0,1,0,0,0,0,1,0,0,1,0,1,0,0,0,0,1,0,0,0,0,0,0,0
PRJ-0184,Forensics_Investigacao,Alta,2,Energia_Utilities,Gerente,3,"[""ESG_Sustentabilidade"", ""Auditoria_Financeira"", ""Forensics_Antilavagem"", ""ISO27001"", ""Auditoria_Operacional"", ""USGAAP""]",6,"[""CISA"", ""CFE""]",2,29,57212.19,2026-06-13,1,5,0,1,0,0,0,0,1,1,1,0,0,0,1,1,0,0,0,1,1,0,0,0,0,0,1,0,0,0,0,0,0,0
PRJ-0185,Auditoria_TI_Sistemas,Alta,2,Energia_Utilities,Gerente,3,"[""CISA"", ""Auditoria_TI"", ""ISO27001"", ""USGAAP""]",4,"[""CIA"", ""ACCA""]",2,62,126163.73,2026-09-13,1,3,0,1,0,0,0,1,1,0,0,1,0,0,0,0,0,0,1,0,0,0,1,0,0,0,1,0,0,0,0,0,0,0
PRJ-0186,Auditoria_Interna_Operacional,Media,1,Telecomunicacoes,Senior,1,"[""COSO"", ""Auditoria_TI"", ""Auditoria_Operacional""]",3,"[""CFA""]",1,19,33576.87,2026-08-09,0,3,0,0,0,0,1,0,0,0,1,1,0,0,0,0,0,0,0,0,0,0,0,1,0,0,0,0,0,0,0,0,0,1
PRJ-0187,Due_Diligence,Alta,2,Industria_Manufacturing,Gerente,3,"[""Auditoria_Financeira"", ""Auditoria_Fiscal"", ""Gestao_Riscos"", ""Auditoria_Compliance"", ""IFRS""]",5,"[""CFA"", ""ACCA""]",2,36,88374.81,2026-09-04,1,3,1,0,0,0,0,0,0,1,0,0,1,1,0,0,1,0,0,0,0,0,1,1,0,0,0,0,0,1,0,0,0,0
PRJ-0188,ESG_Assurance,Critica,3,Seguros,Gerente,3,"[""ESG_Sustentabilidade"", ""Auditoria_Financeira"", ""ISO27001"", ""Auditoria_Operacional"", ""IFRS""]",5,"[""CPA"", ""CISA"", ""ACCA""]",3,35,28735.43,2026-10-06,1,8,1,0,0,0,0,0,1,1,1,0,0,0,0,1,0,1,0,1,0,0,1,0,0,1,0,0,0,0,0,0,0,0
PRJ-0189,Auditoria_Fiscal_Tributaria,Alta,2,Telecomunicacoes,Supervisor,2,"[""ESG_Sustentabilidade"", ""Auditoria_Fiscal"", ""COSO"", ""Auditoria_Compliance"", ""BRGAAP""]",5,"[""ACCA"", ""CISA""]",2,37,62251.37,2026-07-21,1,6,0,0,1,0,1,0,0,0,0,0,1,1,0,1,0,0,0,1,0,0,1,0,0,0,0,0,0,0,0,0,0,1
PRJ-0190,Auditoria_Interna_Operacional,Media,1,Saude_Farma,Senior,1,"[""COSO"", ""Auditoria_TI"", ""Auditoria_Operacional""]",3,"[""CISA""]",1,57,109913.56,2026-08-31,0,4,0,0,0,0,1,0,0,0,1,1,0,0,0,0,0,0,0,1,0,0,0,0,0,0,0,1,0,0,0,0,0,0
PRJ-0191,Auditoria_TI_Sistemas,Baixa,0,Agronegocio,Senior,1,"[""CISA"", ""Auditoria_TI""]",2,[],0,5,11582.53,2026-09-14,0,2,0,0,0,0,0,1,0,0,0,1,0,0,0,0,0,0,0,0,0,0,0,0,0,0,0,0,0,0,0,0,1,0
PRJ-0192,Auditoria_Financeira_Anual,Alta,2,Energia_Utilities,Supervisor,2,"[""ESG_Sustentabilidade"", ""Auditoria_Financeira"", ""SOX"", ""Auditoria_Fiscal"", ""Auditoria_TI"", ""IFRS""]",6,"[""CPA"", ""CFE""]",2,50,67253.87,2026-08-31,1,4,1,0,0,1,0,0,0,1,0,1,1,0,0,1,0,1,0,0,1,0,0,0,0,0,1,0,0,0,0,0,0,0
PRJ-0193,Auditoria_Compliance_Regulatoria,Baixa,0,Saude_Farma,Junior,0,"[""Gestao_Riscos"", ""Auditoria_Operacional"", ""Auditoria_Compliance""]",3,[],0,10,18936.39,2026-08-07,0,2,0,0,0,0,0,0,0,0,1,0,0,1,0,0,1,0,0,0,0,0,0,0,0,0,0,1,0,0,0,0,0,0
PRJ-0194,Revisao_Controles_Internos,Baixa,0,Governo_PublicSector,Senior,1,"[""Gestao_Riscos"", ""COSO"", ""SOX"", ""Auditoria_Compliance""]",4,[],0,5,7808.84,2026-08-14,0,2,0,0,0,1,1,0,0,0,0,0,0,1,0,0,1,0,0,0,0,0,0,0,0,0,0,0,0,0,0,1,0,0
PRJ-0195,ESG_Assurance,Media,1,Governo_PublicSector,Senior,1,"[""ESG_Sustentabilidade"", ""Auditoria_Operacional"", ""Forensics_Antilavagem""]",3,"[""ACCA""]",1,27,22415.6,2026-10-02,0,3,0,0,0,0,0,0,0,0,1,0,0,0,1,1,0,0,0,0,0,0,1,0,0,0,0,0,0,0,0,1,0,0
PRJ-0196,Auditoria_TI_Sistemas,Baixa,0,Agronegocio,Junior,0,"[""CISA"", ""Auditoria_TI"", ""ISO27001""]",3,[],0,4,3201.15,2026-05-31,0,2,0,0,0,0,0,1,1,0,0,1,0,0,0,0,0,0,0,0,0,0,0,0,0,0,0,0,0,0,0,0,1,0
PRJ-0197,IPO_Readiness,Critica,3,Varejo_Consumo,Gerente,3,"[""CISA"", ""Auditoria_Financeira"", ""SOX"", ""Gestao_Riscos"", ""Auditoria_Compliance"", ""IFRS""]",6,"[""ACCA"", ""CFA"", ""CFE""]",3,48,115948.98,2026-08-26,1,4,1,0,0,1,0,1,0,1,0,0,0,1,0,0,1,0,0,0,1,0,1,1,0,0,0,0,1,0,0,0,0,0
PRJ-0198,Auditoria_Financeira_Anual,Alta,2,Governo_PublicSector,Gerente,3,"[""Auditoria_Fiscal"", ""IFRS"", ""Auditoria_Financeira"", ""ISO27001""]",4,"[""CFA"", ""CRC""]",2,30,54597.51,2026-08-07,1,4,1,0,0,0,0,0,1,1,0,0,1,0,0,0,0,0,0,0,0,1,0,1,0,0,0,0,0,0,0,1,0,0
PRJ-0199,ESG_Assurance,Baixa,0,Saude_Farma,Senior,1,"[""ESG_Sustentabilidade"", ""Auditoria_Operacional""]",2,[],0,21,16878.43,2026-10-06,0,2,0,0,0,0,0,0,0,0,1,0,0,0,0,1,0,0,0,0,0,0,0,0,0,0,0,1,0,0,0,0,0,0
PRJ-0200,Auditoria_Compliance_Regulatoria,Media,1,Industria_Manufacturing,Senior,1,"[""USGAAP"", ""Gestao_Riscos"", ""Forensics_Antilavagem"", ""Auditoria_Compliance""]",4,"[""CPA""]",1,22,51143.2,2026-11-03,0,3,0,1,0,0,0,0,0,0,0,0,0,1,1,0,1,1,0,0,0,0,0,0,0,0,0,0,0,1,0,0,0,0
PRJ-0201,Due_Diligence,Alta,2,Tecnologia,Supervisor,2,"[""Auditoria_Financeira"", ""Auditoria_Fiscal"", ""COSO"", ""Gestao_Riscos"", ""USGAAP""]",5,"[""CIA"", ""CFA""]",2,39,39205.45,2026-10-10,1,5,0,1,0,0,1,0,0,1,0,0,1,0,0,0,1,0,1,0,0,0,0,1,0,0,0,0,0,0,1,0,0,0
PRJ-0202,Revisao_Controles_Internos,Media,1,Saude_Farma,Supervisor,2,"[""ESG_Sustentabilidade"", ""Auditoria_Financeira"", ""SOX"", ""COSO"", ""USGAAP""]",5,"[""CFA""]",1,15,22568.99,2026-06-03,0,4,0,1,0,1,1,0,0,1,0,0,0,0,0,1,0,0,0,0,0,0,0,1,0,0,0,1,0,0,0,0,0,0
PRJ-0203,IPO_Readiness,Baixa,0,Governo_PublicSector,Junior,0,"[""IFRS"", ""Auditoria_Financeira"", ""SOX""]",3,[],0,12,18930.71,2026-05-26,0,2,1,0,0,1,0,0,0,1,0,0,0,0,0,0,0,0,0,0,0,0,0,0,0,0,0,0,0,0,0,1,0,0
PRJ-0204,ESG_Assurance,Baixa,0,Financeiro_Bancario,Senior,1,"[""ESG_Sustentabilidade"", ""Auditoria_Operacional""]",2,[],0,12,20885.82,2026-08-30,1,2,0,0,0,0,0,0,0,0,1,0,0,0,0,1,0,0,0,0,0,0,0,0,1,0,0,0,0,0,0,0,0,0
PRJ-0205,IPO_Readiness,Media,1,Agronegocio,Supervisor,2,"[""IFRS"", ""COSO"", ""Auditoria_Financeira"", ""SOX""]",4,"[""ACCA""]",1,26,46372.1,2026-08-24,0,4,1,0,0,1,1,0,0,1,0,0,0,0,0,0,0,0,0,0,0,0,1,0,0,0,0,0,0,0,0,0,1,0
PRJ-0206,Due_Diligence,Baixa,0,Telecomunicacoes,Junior,0,"[""Gestao_Riscos"", ""Auditoria_Financeira""]",2,[],0,5,9152.37,2026-10-16,0,2,0,0,0,0,0,0,0,1,0,0,0,0,0,0,1,0,0,0,0,0,0,0,0,0,0,0,0,0,0,0,0,1
PRJ-0207,Auditoria_Fiscal_Tributaria,Alta,2,Tecnologia,Supervisor,2,"[""Auditoria_Fiscal"", ""ESG_Sustentabilidade"", ""BRGAAP"", ""Auditoria_Compliance""]",4,"[""CFA"", ""CIA""]",2,71,89823.02,2026-11-09,1,4,0,0,1,0,0,0,0,0,0,0,1,1,0,1,0,0,1,0,0,0,0,1,0,0,0,0,0,0,1,0,0,0
PRJ-0208,Auditoria_Compliance_Regulatoria,Media,1,Energia_Utilities,Senior,1,"[""Gestao_Riscos"", ""ISO27001"", ""BRGAAP"", ""Auditoria_Compliance""]",4,"[""CRC""]",1,8,15920.19,2026-11-05,0,4,0,0,1,0,0,0,1,0,0,0,0,1,0,0,1,0,0,0,0,1,0,0,0,0,1,0,0,0,0,0,0,0
PRJ-0209,Auditoria_Fiscal_Tributaria,Media,1,Agronegocio,Senior,1,"[""ESG_Sustentabilidade"", ""Auditoria_Fiscal"", ""ISO27001"", ""Auditoria_TI"", ""BRGAAP""]",5,"[""ACCA""]",1,10,11694.82,2026-05-18,0,2,0,0,1,0,0,0,1,0,0,1,1,0,0,1,0,0,0,0,0,0,1,0,0,0,0,0,0,0,0,0,1,0
PRJ-0210,IPO_Readiness,Alta,2,Industria_Manufacturing,Supervisor,2,"[""IFRS"", ""ESG_Sustentabilidade"", ""Auditoria_Financeira"", ""SOX""]",4,"[""CIA"", ""ACCA""]",2,35,66680.14,2026-07-25,1,3,1,0,0,1,0,0,0,1,0,0,0,0,0,1,0,0,1,0,0,0,1,0,0,0,0,0,0,1,0,0,0,0
PRJ-0211,Auditoria_Fiscal_Tributaria,Media,1,Industria_Manufacturing,Supervisor,2,"[""Auditoria_Fiscal"", ""ESG_Sustentabilidade"", ""BRGAAP""]",3,"[""CPA""]",1,20,41866.35,2026-08-03,0,4,0,0,1,0,0,0,0,0,0,0,1,0,0,1,0,1,0,0,0,0,0,0,0,0,0,0,0,1,0,0,0,0
PRJ-0212,ESG_Assurance,Media,1,Tecnologia,Senior,1,"[""ESG_Sustentabilidade"", ""Auditoria_Operacional"", ""Auditoria_Compliance""]",3,"[""ACCA""]",1,13,30154.44,2026-07-16,1,4,0,0,0,0,0,0,0,0,1,0,0,1,0,1,0,0,0,0,0,0,1,0,0,0,0,0,0,0,1,0,0,0
PRJ-0213,Auditoria_Compliance_Regulatoria,Alta,2,Tecnologia,Gerente,3,"[""ESG_Sustentabilidade"", ""Gestao_Riscos"", ""Auditoria_Operacional"", ""Auditoria_Compliance"", ""IFRS"", ""USGAAP""]",6,"[""CPA"", ""CFE""]",2,24,25129.33,2026-07-22,1,2,1,1,0,0,0,0,0,0,1,0,0,1,0,1,1,1,0,0,1,0,0,0,0,0,0,0,0,0,1,0,0,0
PRJ-0214,Revisao_Controles_Internos,Media,1,Energia_Utilities,Senior,1,"[""SOX"", ""Forensics_Antilavagem"", ""COSO"", ""ISO27001"", ""Gestao_Riscos""]",5,"[""CIA""]",1,26,57900.68,2026-09-05,0,4,0,0,0,1,1,0,1,0,0,0,0,0,1,0,1,0,1,0,0,0,0,0,0,0,1,0,0,0,0,0,0,0
PRJ-0215,Auditoria_Compliance_Regulatoria,Media,1,Agronegocio,Supervisor,2,"[""CISA"", ""Gestao_Riscos"", ""IFRS"", ""Auditoria_Compliance""]",4,"[""CFA""]",1,21,32957.62,2026-08-15,0,4,1,0,0,0,0,1,0,0,0,0,0,1,0,0,1,0,0,0,0,0,0,1,0,0,0,0,0,0,0,0,1,0
PRJ-0216,Auditoria_Fiscal_Tributaria,Alta,2,Agronegocio,Gerente,3,"[""CISA"", ""Auditoria_Financeira"", ""Auditoria_Fiscal"", ""COSO"", ""Auditoria_TI"", ""BRGAAP""]",6,"[""ACCA"", ""CFA""]",2,34,29915.44,2026-07-17,1,5,0,0,1,0,1,1,0,1,0,1,1,0,0,0,0,0,0,0,0,0,1,1,0,0,0,0,0,0,0,0,1,0
PRJ-0217,Auditoria_TI_Sistemas,Media,1,Industria_Manufacturing,Supervisor,2,"[""CISA"", ""Auditoria_TI"", ""ISO27001""]",3,"[""CRC""]",1,30,26743.91,2026-10-30,0,4,0,0,0,0,0,1,1,0,0,1,0,0,0,0,0,0,0,0,0,1,0,0,0,0,0,0,0,1,0,0,0,0
PRJ-0218,Auditoria_Compliance_Regulatoria,Media,1,Governo_PublicSector,Supervisor,2,"[""SOX"", ""Auditoria_Fiscal"", ""Forensics_Antilavagem"", ""Gestao_Riscos"", ""Auditoria_Compliance""]",5,"[""CISA""]",1,29,60426.81,2026-07-24,0,4,0,0,0,1,0,0,0,0,0,0,1,1,1,0,1,0,0,1,0,0,0,0,0,0,0,0,0,0,0,1,0,0
PRJ-0219,IPO_Readiness,Baixa,0,Saude_Farma,Senior,1,"[""IFRS"", ""Auditoria_Financeira"", ""SOX"", ""ISO27001""]",4,[],0,14,21881.8,2026-07-20,0,2,1,0,0,1,0,0,1,1,0,0,0,0,0,0,0,0,0,0,0,0,0,0,0,0,0,1,0,0,0,0,0,0
PRJ-0220,Due_Diligence,Critica,3,Agronegocio,Gerente,3,"[""Auditoria_Financeira"", ""ISO27001"", ""Gestao_Riscos"", ""IFRS"", ""USGAAP""]",5,"[""CFE"", ""CISA"", ""CRC""]",3,42,52466.71,2026-10-02,1,3,1,1,0,0,0,0,1,1,0,0,0,0,0,0,1,0,0,1,1,1,0,0,0,0,0,0,0,0,0,0,1,0
PRJ-0221,IPO_Readiness,Alta,2,Financeiro_Bancario,Gerente,3,"[""IFRS"", ""Auditoria_Operacional"", ""Auditoria_Financeira"", ""SOX""]",4,"[""CFE"", ""ACCA""]",2,35,83780.92,2026-09-19,1,2,1,0,0,1,0,0,0,1,1,0,0,0,0,0,0,0,0,0,1,0,1,0,1,0,0,0,0,0,0,0,0,0
PRJ-0222,Due_Diligence,Critica,3,Telecomunicacoes,Gerente,3,"[""Auditoria_Financeira"", ""Auditoria_Fiscal"", ""COSO"", ""Gestao_Riscos"", ""Auditoria_Operacional"", ""Auditoria_Compliance"", ""IFRS""]",7,"[""CFA"", ""CRC"", ""ACCA""]",3,62,87342.22,2026-08-26,1,8,1,0,0,0,1,0,0,1,1,0,1,1,0,0,1,0,0,0,0,1,1,1,0,0,0,0,0,0,0,0,0,1
PRJ-0223,Forensics_Investigacao,Media,1,Energia_Utilities,Senior,1,"[""Auditoria_TI"", ""Forensics_Antilavagem"", ""Auditoria_Financeira""]",3,"[""CPA""]",1,26,55552.61,2026-06-17,0,2,0,0,0,0,0,0,0,1,0,1,0,0,1,0,0,1,0,0,0,0,0,0,0,0,1,0,0,0,0,0,0,0
PRJ-0224,Auditoria_TI_Sistemas,Media,1,Tecnologia,Supervisor,2,"[""CISA"", ""Auditoria_TI"", ""ISO27001"", ""USGAAP""]",4,"[""CISA""]",1,10,11760.37,2026-08-24,1,2,0,1,0,0,0,1,1,0,0,1,0,0,0,0,0,0,0,1,0,0,0,0,0,0,0,0,0,0,1,0,0,0
PRJ-0225,Forensics_Investigacao,Media,1,Varejo_Consumo,Senior,1,"[""Auditoria_Financeira"", ""SOX"", ""Auditoria_Fiscal"", ""Forensics_Antilavagem"", ""Auditoria_TI""]",5,"[""CFE""]",1,10,24942.73,2026-07-25,0,4,0,0,0,1,0,0,0,1,0,1,1,0,1,0,0,0,0,0,1,0,0,0,0,0,0,0,1,0,0,0,0,0
PRJ-0226,Auditoria_Financeira_Anual,Baixa,0,Industria_Manufacturing,Junior,0,"[""IFRS"", ""Auditoria_TI"", ""Auditoria_Financeira""]",3,[],0,5,6042.96,2026-10-29,0,2,1,0,0,0,0,0,0,1,0,1,0,0,0,0,0,0,0,0,0,0,0,0,0,0,0,0,0,1,0,0,0,0
PRJ-0227,Auditoria_Financeira_Anual,Alta,2,Industria_Manufacturing,Supervisor,2,"[""CISA"", ""Auditoria_Financeira"", ""Gestao_Riscos"", ""Auditoria_Operacional"", ""IFRS"", ""BRGAAP""]",6,"[""CRC"", ""ACCA""]",2,36,46109.13,2026-10-23,1,6,1,0,1,0,0,1,0,1,1,0,0,0,0,0,1,0,0,0,0,1,1,0,0,0,0,0,0,1,0,0,0,0
PRJ-0228,Forensics_Investigacao,Media,1,Agronegocio,Supervisor,2,"[""Gestao_Riscos"", ""Forensics_Antilavagem"", ""Auditoria_Financeira"", ""Auditoria_Operacional""]",4,"[""CPA""]",1,10,13039.38,2026-06-17,0,4,0,0,0,0,0,0,0,1,1,0,0,0,1,0,1,1,0,0,0,0,0,0,0,0,0,0,0,0,0,0,1,0
PRJ-0229,Revisao_Controles_Internos,Media,1,Seguros,Senior,1,"[""SOX"", ""Auditoria_Fiscal"", ""COSO"", ""BRGAAP"", ""USGAAP""]",5,"[""CRC""]",1,14,11374.47,2026-09-27,0,2,0,1,1,1,1,0,0,0,0,0,1,0,0,0,0,0,0,0,0,1,0,0,0,1,0,0,0,0,0,0,0,0
PRJ-0230,Revisao_Controles_Internos,Alta,2,Saude_Farma,Supervisor,2,"[""SOX"", ""COSO"", ""Forensics_Antilavagem"", ""Auditoria_Operacional"", ""USGAAP""]",5,"[""CIA"", ""CRC""]",2,27,59639.56,2026-09-09,1,5,0,1,0,1,1,0,0,0,1,0,0,0,1,0,0,0,1,0,0,1,0,0,0,0,0,1,0,0,0,0,0,0
PRJ-0231,Auditoria_Interna_Operacional,Alta,2,Energia_Utilities,Supervisor,2,"[""COSO"", ""ISO27001"", ""Gestao_Riscos"", ""Auditoria_Operacional"", ""Auditoria_TI"", ""IFRS""]",6,"[""CPA"", ""CFA""]",2,25,22306.39,2026-07-06,1,4,1,0,0,0,1,0,1,0,1,1,0,0,0,0,1,1,0,0,0,0,0,1,0,0,1,0,0,0,0,0,0,0
PRJ-0232,Auditoria_Fiscal_Tributaria,Baixa,0,Saude_Farma,Junior,0,"[""Auditoria_Fiscal"", ""BRGAAP""]",2,[],0,6,14092.06,2026-05-27,0,2,0,0,1,0,0,0,0,0,0,0,1,0,0,0,0,0,0,0,0,0,0,0,0,0,0,1,0,0,0,0,0,0
PRJ-0233,Auditoria_TI_Sistemas,Media,1,Tecnologia,Senior,1,"[""CISA"", ""Auditoria_Financeira"", ""ISO27001"", ""Auditoria_TI"", ""Auditoria_Operacional""]",5,"[""CPA""]",1,22,32167.37,2026-07-06,1,2,0,0,0,0,0,1,1,1,1,1,0,0,0,0,0,1,0,0,0,0,0,0,0,0,0,0,0,0,1,0,0,0
PRJ-0234,Auditoria_Fiscal_Tributaria,Baixa,0,Telecomunicacoes,Junior,0,"[""Auditoria_Fiscal"", ""BRGAAP""]",2,[],0,9,8167.54,2026-06-06,0,2,0,0,1,0,0,0,0,0,0,0,1,0,0,0,0,0,0,0,0,0,0,0,0,0,0,0,0,0,0,0,0,1
PRJ-0235,Auditoria_Interna_Operacional,Media,1,Agronegocio,Supervisor,2,"[""CISA"", ""COSO"", ""Auditoria_Operacional"", ""USGAAP""]",4,"[""CFA""]",1,25,49149.84,2026-07-27,0,4,0,1,0,0,1,1,0,0,1,0,0,0,0,0,0,0,0,0,0,0,0,1,0,0,0,0,0,0,0,0,1,0
PRJ-0236,Auditoria_Interna_Operacional,Media,1,Governo_PublicSector,Supervisor,2,"[""COSO"", ""Gestao_Riscos"", ""Auditoria_Operacional"", ""Auditoria_Financeira""]",4,"[""CFA""]",1,21,40387.82,2026-05-28,0,3,0,0,0,0,1,0,0,1,1,0,0,0,0,0,1,0,0,0,0,0,0,1,0,0,0,0,0,0,0,1,0,0
PRJ-0237,Due_Diligence,Media,1,Energia_Utilities,Supervisor,2,"[""Gestao_Riscos"", ""Forensics_Antilavagem"", ""Auditoria_Financeira"", ""ISO27001""]",4,"[""CFA""]",1,16,34491.58,2026-07-06,0,4,0,0,0,0,0,0,1,1,0,0,0,0,1,0,1,0,0,0,0,0,0,1,0,0,1,0,0,0,0,0,0,0
PRJ-0238,Auditoria_Compliance_Regulatoria,Critica,3,Energia_Utilities,Socio,4,"[""CISA"", ""Auditoria_Fiscal"", ""COSO"", ""Forensics_Antilavagem"", ""Gestao_Riscos"", ""Auditoria_Compliance"", ""IFRS""]",7,"[""CRC"", ""CFA"", ""CIA""]",3,83,83788.48,2026-07-12,1,2,1,0,0,0,1,1,0,0,0,0,1,1,1,0,1,0,1,0,0,1,0,1,0,0,1,0,0,0,0,0,0,0
PRJ-0239,IPO_Readiness,Media,1,Agronegocio,Senior,1,"[""IFRS"", ""Auditoria_Financeira"", ""SOX"", ""Auditoria_Compliance""]",4,"[""CPA""]",1,60,79078.5,2026-05-26,0,4,1,0,0,1,0,0,0,1,0,0,0,1,0,0,0,1,0,0,0,0,0,0,0,0,0,0,0,0,0,0,1,0
PRJ-0240,Forensics_Investigacao,Media,1,Agronegocio,Senior,1,"[""ESG_Sustentabilidade"", ""Auditoria_Financeira"", ""Forensics_Antilavagem"", ""Gestao_Riscos"", ""BRGAAP""]",5,"[""CIA""]",1,15,27730.57,2026-08-20,0,3,0,0,1,0,0,0,0,1,0,0,0,0,1,1,1,0,1,0,0,0,0,0,0,0,0,0,0,0,0,0,1,0
PRJ-0241,Revisao_Controles_Internos,Baixa,0,Telecomunicacoes,Junior,0,"[""Auditoria_Fiscal"", ""IFRS"", ""COSO"", ""SOX""]",4,[],0,10,15841.51,2026-08-27,0,2,1,0,0,1,1,0,0,0,0,0,1,0,0,0,0,0,0,0,0,0,0,0,0,0,0,0,0,0,0,0,0,1
PRJ-0242,Auditoria_Compliance_Regulatoria,Alta,2,Varejo_Consumo,Gerente,3,"[""USGAAP"", ""Gestao_Riscos"", ""SOX"", ""Auditoria_Compliance""]",4,"[""ACCA"", ""CRC""]",2,25,40705.59,2026-08-18,1,4,0,1,0,1,0,0,0,0,0,0,0,1,0,0,1,0,0,0,0,1,1,0,0,0,0,0,1,0,0,0,0,0
PRJ-0243,Forensics_Investigacao,Baixa,0,Saude_Farma,Senior,1,"[""Forensics_Antilavagem"", ""Auditoria_Financeira"", ""USGAAP""]",3,[],0,12,15416.8,2026-08-09,0,2,0,1,0,0,0,0,0,1,0,0,0,0,1,0,0,0,0,0,0,0,0,0,0,0,0,1,0,0,0,0,0,0
PRJ-0244,Revisao_Controles_Internos,Media,1,Governo_PublicSector,Supervisor,2,"[""COSO"", ""Auditoria_Financeira"", ""SOX"", ""Auditoria_Compliance""]",4,"[""ACCA""]",1,8,10557.19,2026-11-02,0,4,0,0,0,1,1,0,0,1,0,0,0,1,0,0,0,0,0,0,0,0,1,0,0,0,0,0,0,0,0,1,0,0
PRJ-0245,Due_Diligence,Media,1,Industria_Manufacturing,Senior,1,"[""Gestao_Riscos"", ""ESG_Sustentabilidade"", ""Auditoria_Financeira""]",3,"[""CISA""]",1,16,38875.52,2026-10-17,0,2,0,0,0,0,0,0,0,1,0,0,0,0,0,1,1,0,0,1,0,0,0,0,0,0,0,0,0,1,0,0,0,0
PRJ-0246,Auditoria_Financeira_Anual,Media,1,Saude_Farma,Senior,1,"[""IFRS"", ""ESG_Sustentabilidade"", ""Auditoria_Financeira""]",3,"[""ACCA""]",1,11,20783.68,2026-10-16,0,3,1,0,0,0,0,0,0,1,0,0,0,0,0,1,0,0,0,0,0,0,1,0,0,0,0,1,0,0,0,0,0,0
PRJ-0247,Forensics_Investigacao,Baixa,0,Industria_Manufacturing,Senior,1,"[""Forensics_Antilavagem"", ""Auditoria_Financeira"", ""Auditoria_Operacional""]",3,[],0,8,12694.74,2026-10-04,0,2,0,0,0,0,0,0,0,1,1,0,0,0,1,0,0,0,0,0,0,0,0,0,0,0,0,0,0,1,0,0,0,0
PRJ-0248,Auditoria_Compliance_Regulatoria,Media,1,Seguros,Senior,1,"[""Gestao_Riscos"", ""BRGAAP"", ""Auditoria_Compliance""]",3,"[""ACCA""]",1,9,16481.4,2026-07-09,0,3,0,0,1,0,0,0,0,0,0,0,0,1,0,0,1,0,0,0,0,0,1,0,0,1,0,0,0,0,0,0,0,0
PRJ-0249,Due_Diligence,Alta,2,Saude_Farma,Gerente,3,"[""Auditoria_Financeira"", ""COSO"", ""Forensics_Antilavagem"", ""Gestao_Riscos"", ""Auditoria_Compliance"", ""USGAAP""]",6,"[""ACCA"", ""CPA""]",2,20,46331.58,2026-10-26,1,6,0,1,0,0,1,0,0,1,0,0,0,1,1,0,1,1,0,0,0,0,1,0,0,0,0,1,0,0,0,0,0,0
PRJ-0250,Auditoria_Financeira_Anual,Alta,2,Telecomunicacoes,Supervisor,2,"[""Auditoria_Financeira"", ""COSO"", ""Auditoria_Operacional"", ""Auditoria_Compliance"", ""IFRS""]",5,"[""CPA"", ""CRC""]",2,34,42263.62,2026-07-13,1,6,1,0,0,0,1,0,0,1,1,0,0,1,0,0,0,1,0,0,0,1,0,0,0,0,0,0,0,0,0,0,0,1
PRJ-0251,ESG_Assurance,Alta,2,Energia_Utilities,Supervisor,2,"[""CISA"", ""ESG_Sustentabilidade"", ""Auditoria_Operacional"", ""ISO27001""]",4,"[""CIA"", ""CRC""]",2,26,53208.63,2026-09-11,1,4,0,0,0,0,0,1,1,0,1,0,0,0,0,1,0,0,1,0,0,1,0,0,0,0,1,0,0,0,0,0,0,0
PRJ-0252,Due_Diligence,Media,1,Agronegocio,Senior,1,"[""Gestao_Riscos"", ""Auditoria_Financeira"", ""ISO27001"", ""USGAAP""]",4,"[""CISA""]",1,17,28112.63,2026-05-27,0,4,0,1,0,0,0,0,1,1,0,0,0,0,0,0,1,0,0,1,0,0,0,0,0,0,0,0,0,0,0,0,1,0
PRJ-0253,Revisao_Controles_Internos,Alta,2,Telecomunicacoes,Supervisor,2,"[""COSO"", ""SOX"", ""BRGAAP"", ""Forensics_Antilavagem""]",4,"[""CFA"", ""CRC""]",2,25,25965.75,2026-06-07,1,3,0,0,1,1,1,0,0,0,0,0,0,0,1,0,0,0,0,0,0,1,0,1,0,0,0,0,0,0,0,0,0,1
PRJ-0254,Due_Diligence,Media,1,Telecomunicacoes,Supervisor,2,"[""Auditoria_Financeira"", ""Gestao_Riscos"", ""Auditoria_Operacional"", ""Auditoria_Compliance"", ""BRGAAP""]",5,"[""CISA""]",1,20,17374.27,2026-08-16,0,3,0,0,1,0,0,0,0,1,1,0,0,1,0,0,1,0,0,1,0,0,0,0,0,0,0,0,0,0,0,0,0,1
PRJ-0255,Revisao_Controles_Internos,Baixa,0,Industria_Manufacturing,Junior,0,"[""COSO"", ""SOX""]",2,[],0,13,15571.81,2026-08-06,0,2,0,0,0,1,1,0,0,0,0,0,0,0,0,0,0,0,0,0,0,0,0,0,0,0,0,0,0,1,0,0,0,0
PRJ-0256,Auditoria_Fiscal_Tributaria,Critica,3,Industria_Manufacturing,Gerente,3,"[""ESG_Sustentabilidade"", ""Auditoria_Financeira"", ""Auditoria_Fiscal"", ""Auditoria_Operacional"", ""Auditoria_Compliance"", ""IFRS"", ""BRGAAP""]",7,"[""ACCA"", ""CISA"", ""CPA""]",3,45,89835.82,2026-08-23,1,6,1,0,1,0,0,0,0,1,1,0,1,1,0,1,0,1,0,1,0,0,1,0,0,0,0,0,0,1,0,0,0,0
PRJ-0257,Auditoria_Compliance_Regulatoria,Alta,2,Varejo_Consumo,Gerente,3,"[""ESG_Sustentabilidade"", ""Gestao_Riscos"", ""Auditoria_TI"", ""Auditoria_Operacional"", ""Auditoria_Compliance"", ""BRGAAP""]",6,"[""CFE"", ""ACCA""]",2,35,50521.85,2026-06-11,1,6,0,0,1,0,0,0,0,0,1,1,0,1,0,1,1,0,0,0,1,0,1,0,0,0,0,0,1,0,0,0,0,0
PRJ-0258,Auditoria_Interna_Operacional,Media,1,Tecnologia,Supervisor,2,"[""COSO"", ""Auditoria_Operacional"", ""SOX""]",3,"[""CRC""]",1,13,19369.11,2026-08-27,1,3,0,0,0,1,1,0,0,0,1,0,0,0,0,0,0,0,0,0,0,1,0,0,0,0,0,0,0,0,1,0,0,0
PRJ-0259,ESG_Assurance,Alta,2,Telecomunicacoes,Gerente,3,"[""ESG_Sustentabilidade"", ""Auditoria_Financeira"", ""Auditoria_Operacional"", ""Auditoria_TI"", ""IFRS"", ""BRGAAP""]",6,"[""CIA"", ""CFA""]",2,32,29793.6,2026-05-27,1,4,1,0,1,0,0,0,0,1,1,1,0,0,0,1,0,0,1,0,0,0,0,1,0,0,0,0,0,0,0,0,0,1
PRJ-0260,Revisao_Controles_Internos,Baixa,0,Energia_Utilities,Senior,1,"[""COSO"", ""SOX""]",2,[],0,13,18405.13,2026-05-30,0,2,0,0,0,1,1,0,0,0,0,0,0,0,0,0,0,0,0,0,0,0,0,0,0,0,1,0,0,0,0,0,0,0
PRJ-0261,Revisao_Controles_Internos,Media,1,Industria_Manufacturing,Senior,1,"[""ESG_Sustentabilidade"", ""COSO"", ""SOX""]",3,"[""CPA""]",1,22,35608.72,2026-10-27,0,3,0,0,0,1,1,0,0,0,0,0,0,0,0,1,0,1,0,0,0,0,0,0,0,0,0,0,0,1,0,0,0,0
PRJ-0262,ESG_Assurance,Media,1,Energia_Utilities,Senior,1,"[""ESG_Sustentabilidade"", ""Auditoria_Operacional"", ""ISO27001"", ""Auditoria_Compliance""]",4,"[""CPA""]",1,18,21856.31,2026-08-31,0,2,0,0,0,0,0,0,1,0,1,0,0,1,0,1,0,1,0,0,0,0,0,0,0,0,1,0,0,0,0,0,0,0
PRJ-0263,IPO_Readiness,Media,1,Energia_Utilities,Senior,1,"[""IFRS"", ""Auditoria_Financeira"", ""SOX""]",3,"[""ACCA""]",1,23,38444.33,2026-10-23,0,4,1,0,0,1,0,0,0,1,0,0,0,0,0,0,0,0,0,0,0,0,1,0,0,0,1,0,0,0,0,0,0,0
PRJ-0264,Due_Diligence,Baixa,0,Varejo_Consumo,Junior,0,"[""Gestao_Riscos"", ""Auditoria_TI"", ""Auditoria_Financeira"", ""BRGAAP""]",4,[],0,14,34006.07,2026-07-23,0,2,0,0,1,0,0,0,0,1,0,1,0,0,0,0,1,0,0,0,0,0,0,0,0,0,0,0,1,0,0,0,0,0
PRJ-0265,Auditoria_Compliance_Regulatoria,Critica,3,Saude_Farma,Socio,4,"[""ESG_Sustentabilidade"", ""Auditoria_Financeira"", ""Gestao_Riscos"", ""Auditoria_TI"", ""Auditoria_Compliance""]",5,"[""CFA"", ""CFE"", ""CIA""]",3,43,50435.49,2026-06-11,1,5,0,0,0,0,0,0,0,1,0,1,0,1,0,1,1,0,1,0,1,0,0,1,0,0,0,1,0,0,0,0,0,0
PRJ-0266,IPO_Readiness,Baixa,0,Telecomunicacoes,Senior,1,"[""IFRS"", ""Auditoria_Financeira"", ""SOX""]",3,[],0,13,28532.02,2026-05-27,0,2,1,0,0,1,0,0,0,1,0,0,0,0,0,0,0,0,0,0,0,0,0,0,0,0,0,0,0,0,0,0,0,1
PRJ-0267,IPO_Readiness,Alta,2,Varejo_Consumo,Supervisor,2,"[""IFRS"", ""COSO"", ""Auditoria_Financeira"", ""SOX""]",4,"[""ACCA"", ""CFA""]",2,31,42858.78,2026-09-09,1,5,1,0,0,1,1,0,0,1,0,0,0,0,0,0,0,0,0,0,0,0,1,1,0,0,0,0,1,0,0,0,0,0
PRJ-0268,IPO_Readiness,Media,1,Saude_Farma,Supervisor,2,"[""IFRS"", ""Auditoria_TI"", ""Auditoria_Financeira"", ""SOX""]",4,"[""CFE""]",1,13,13321.91,2026-07-27,0,2,1,0,0,1,0,0,0,1,0,1,0,0,0,0,0,0,0,0,1,0,0,0,0,0,0,1,0,0,0,0,0,0
PRJ-0269,Revisao_Controles_Internos,Media,1,Agronegocio,Supervisor,2,"[""COSO"", ""SOX"", ""Forensics_Antilavagem""]",3,"[""CFE""]",1,20,44101.48,2026-10-26,0,4,0,0,0,1,1,0,0,0,0,0,0,0,1,0,0,0,0,0,1,0,0,0,0,0,0,0,0,0,0,0,1,0
PRJ-0270,Auditoria_Interna_Operacional,Baixa,0,Telecomunicacoes,Senior,1,"[""COSO"", ""Auditoria_Operacional"", ""Auditoria_Compliance""]",3,[],0,11,9529.98,2026-09-02,0,2,0,0,0,0,1,0,0,0,1,0,0,1,0,0,0,0,0,0,0,0,0,0,0,0,0,0,0,0,0,0,0,1
PRJ-0271,Auditoria_Interna_Operacional,Media,1,Energia_Utilities,Supervisor,2,"[""COSO"", ""Auditoria_Operacional"", ""Auditoria_Compliance""]",3,"[""CRC""]",1,6,13240.72,2026-05-26,0,4,0,0,0,0,1,0,0,0,1,0,0,1,0,0,0,0,0,0,0,1,0,0,0,0,1,0,0,0,0,0,0,0
PRJ-0272,Auditoria_TI_Sistemas,Media,1,Industria_Manufacturing,Supervisor,2,"[""CISA"", ""Auditoria_TI"", ""ISO27001""]",3,"[""CFA""]",1,24,20972.28,2026-08-12,0,4,0,0,0,0,0,1,1,0,0,1,0,0,0,0,0,0,0,0,0,0,0,1,0,0,0,0,0,1,0,0,0,0
PRJ-0273,Auditoria_TI_Sistemas,Media,1,Governo_PublicSector,Supervisor,2,"[""CISA"", ""Auditoria_TI"", ""ISO27001""]",3,"[""CFA""]",1,19,40028.1,2026-08-06,0,3,0,0,0,0,0,1,1,0,0,1,0,0,0,0,0,0,0,0,0,0,0,1,0,0,0,0,0,0,0,1,0,0
PRJ-0274,IPO_Readiness,Alta,2,Telecomunicacoes,Supervisor,2,"[""Auditoria_Financeira"", ""SOX"", ""COSO"", ""Auditoria_TI"", ""IFRS"", ""BRGAAP""]",6,"[""CISA"", ""CFE""]",2,27,56752.92,2026-06-10,1,2,1,0,1,1,1,0,0,1,0,1,0,0,0,0,0,0,0,1,1,0,0,0,0,0,0,0,0,0,0,0,0,1
PRJ-0275,Auditoria_Compliance_Regulatoria,Media,1,Agronegocio,Supervisor,2,"[""Gestao_Riscos"", ""ISO27001"", ""Auditoria_Compliance""]",3,"[""CISA""]",1,17,19062.71,2026-10-31,0,4,0,0,0,0,0,0,1,0,0,0,0,1,0,0,1,0,0,1,0,0,0,0,0,0,0,0,0,0,0,0,1,0
PRJ-0276,Auditoria_Financeira_Anual,Media,1,Seguros,Senior,1,"[""Auditoria_Financeira"", ""Auditoria_Fiscal"", ""Auditoria_Operacional"", ""IFRS"", ""USGAAP""]",5,"[""ACCA""]",1,18,20685.81,2026-09-25,0,3,1,1,0,0,0,0,0,1,1,0,1,0,0,0,0,0,0,0,0,0,1,0,0,1,0,0,0,0,0,0,0,0
PRJ-0277,Auditoria_TI_Sistemas,Media,1,Energia_Utilities,Senior,1,"[""CISA"", ""Auditoria_TI"", ""ISO27001""]",3,"[""CFE""]",1,21,40061.26,2026-10-14,0,3,0,0,0,0,0,1,1,0,0,1,0,0,0,0,0,0,0,0,1,0,0,0,0,0,1,0,0,0,0,0,0,0
PRJ-0278,Auditoria_Compliance_Regulatoria,Alta,2,Tecnologia,Supervisor,2,"[""CISA"", ""ESG_Sustentabilidade"", ""COSO"", ""Gestao_Riscos"", ""Auditoria_TI"", ""Auditoria_Compliance""]",6,"[""ACCA"", ""CFE""]",2,13,27084.88,2026-09-17,1,5,0,0,0,0,1,1,0,0,0,1,0,1,0,1,1,0,0,0,1,0,1,0,0,0,0,0,0,0,1,0,0,0
PRJ-0279,Auditoria_Fiscal_Tributaria,Alta,2,Governo_PublicSector,Gerente,3,"[""SOX"", ""Auditoria_Fiscal"", ""Forensics_Antilavagem"", ""ISO27001"", ""Auditoria_TI"", ""BRGAAP""]",6,"[""CFE"", ""CISA""]",2,36,89296.71,2026-09-08,1,6,0,0,1,1,0,0,1,0,0,1,1,0,1,0,0,0,0,1,1,0,0,0,0,0,0,0,0,0,0,1,0,0
PRJ-0280,Forensics_Investigacao,Alta,2,Tecnologia,Gerente,3,"[""ESG_Sustentabilidade"", ""Forensics_Antilavagem"", ""Auditoria_Financeira"", ""BRGAAP""]",4,"[""CFA"", ""ACCA""]",2,43,43105.17,2026-06-28,1,3,0,0,1,0,0,0,0,1,0,0,0,0,1,1,0,0,0,0,0,0,1,1,0,0,0,0,0,0,1,0,0,0
PRJ-0281,ESG_Assurance,Alta,2,Energia_Utilities,Gerente,3,"[""ESG_Sustentabilidade"", ""SOX"", ""ISO27001"", ""Auditoria_TI"", ""Auditoria_Operacional"", ""USGAAP""]",6,"[""CFA"", ""CISA""]",2,43,92942.41,2026-09-23,1,6,0,1,0,1,0,0,1,0,1,1,0,0,0,1,0,0,0,1,0,0,0,1,0,0,1,0,0,0,0,0,0,0
PRJ-0282,Auditoria_Financeira_Anual,Baixa,0,Financeiro_Bancario,Senior,1,"[""IFRS"", ""Gestao_Riscos"", ""Auditoria_Financeira"", ""BRGAAP""]",4,[],0,13,28593.95,2026-10-17,1,2,1,0,1,0,0,0,0,1,0,0,0,0,0,0,1,0,0,0,0,0,0,0,1,0,0,0,0,0,0,0,0,0
PRJ-0283,IPO_Readiness,Media,1,Seguros,Senior,1,"[""CISA"", ""Auditoria_Financeira"", ""SOX"", ""ISO27001"", ""IFRS""]",5,"[""CISA""]",1,21,19657.42,2026-09-15,0,2,1,0,0,1,0,1,1,1,0,0,0,0,0,0,0,0,0,1,0,0,0,0,0,1,0,0,0,0,0,0,0,0
PRJ-0284,Auditoria_TI_Sistemas,Critica,3,Tecnologia,Gerente,3,"[""CISA"", ""ESG_Sustentabilidade"", ""Forensics_Antilavagem"", ""ISO27001"", ""Auditoria_TI"", ""Auditoria_Compliance""]",6,"[""CISA"", ""ACCA"", ""CRC""]",3,58,52065.86,2026-09-10,1,8,0,0,0,0,0,1,1,0,0,1,0,1,1,1,0,0,0,1,0,1,1,0,0,0,0,0,0,0,1,0,0,0
PRJ-0285,Due_Diligence,Alta,2,Governo_PublicSector,Supervisor,2,"[""Auditoria_Financeira"", ""SOX"", ""Gestao_Riscos"", ""Auditoria_Compliance"", ""IFRS""]",5,"[""CFA"", ""CRC""]",2,33,42444.97,2026-07-28,1,2,1,0,0,1,0,0,0,1,0,0,0,1,0,0,1,0,0,0,0,1,0,1,0,0,0,0,0,0,0,1,0,0
PRJ-0286,IPO_Readiness,Media,1,Saude_Farma,Senior,1,"[""IFRS"", ""Forensics_Antilavagem"", ""Auditoria_Financeira"", ""SOX""]",4,"[""CIA""]",1,12,23350.1,2026-08-28,0,3,1,0,0,1,0,0,0,1,0,0,0,0,1,0,0,0,1,0,0,0,0,0,0,0,0,1,0,0,0,0,0,0
PRJ-0287,Revisao_Controles_Internos,Alta,2,Energia_Utilities,Supervisor,2,"[""SOX"", ""COSO"", ""ISO27001"", ""Auditoria_Operacional"", ""USGAAP""]",5,"[""CISA"", ""ACCA""]",2,25,36793.58,2026-06-08,1,6,0,1,0,1,1,0,1,0,1,0,0,0,0,0,0,0,0,1,0,0,1,0,0,0,1,0,0,0,0,0,0,0
PRJ-0288,Revisao_Controles_Internos,Media,1,Seguros,Supervisor,2,"[""SOX"", ""Auditoria_Fiscal"", ""COSO"", ""ISO27001"", ""USGAAP""]",5,"[""ACCA""]",1,12,26527.2,2026-08-26,0,4,0,1,0,1,1,0,1,0,0,0,1,0,0,0,0,0,0,0,0,0,1,0,0,1,0,0,0,0,0,0,0,0
PRJ-0289,Forensics_Investigacao,Media,1,Varejo_Consumo,Supervisor,2,"[""Auditoria_Financeira"", ""SOX"", ""Auditoria_Fiscal"", ""Forensics_Antilavagem"", ""Gestao_Riscos""]",5,"[""CFE""]",1,22,52371.3,2026-08-17,0,4,0,0,0,1,0,0,0,1,0,0,1,0,1,0,1,0,0,0,1,0,0,0,0,0,0,0,1,0,0,0,0,0
PRJ-0290,Auditoria_Financeira_Anual,Media,1,Tecnologia,Supervisor,2,"[""Auditoria_Financeira"", ""Auditoria_Fiscal"", ""Gestao_Riscos"", ""IFRS"", ""BRGAAP""]",5,"[""CPA""]",1,14,23175.43,2026-07-05,1,3,1,0,1,0,0,0,0,1,0,0,1,0,0,0,1,1,0,0,0,0,0,0,0,0,0,0,0,0,1,0,0,0
PRJ-0291,Auditoria_Interna_Operacional,Alta,2,Varejo_Consumo,Gerente,3,"[""CISA"", ""Auditoria_Fiscal"", ""COSO"", ""Auditoria_Operacional"", ""Auditoria_Compliance""]",5,"[""ACCA"", ""CFE""]",2,20,48845.89,2026-07-10,1,6,0,0,0,0,1,1,0,0,1,0,1,1,0,0,0,0,0,0,1,0,1,0,0,0,0,0,1,0,0,0,0,0
PRJ-0292,ESG_Assurance,Alta,2,Industria_Manufacturing,Supervisor,2,"[""ESG_Sustentabilidade"", ""Auditoria_Financeira"", ""Forensics_Antilavagem"", ""Gestao_Riscos"", ""Auditoria_Operacional"", ""Auditoria_Compliance""]",6,"[""CRC"", ""CPA""]",2,29,46961.13,2026-09-05,1,4,0,0,0,0,0,0,0,1,1,0,0,1,1,1,1,1,0,0,0,1,0,0,0,0,0,0,0,1,0,0,0,0
PRJ-0293,Auditoria_Interna_Operacional,Media,1,Saude_Farma,Senior,1,"[""COSO"", ""Auditoria_Operacional"", ""Forensics_Antilavagem""]",3,"[""ACCA""]",1,21,25008.51,2026-07-07,0,3,0,0,0,0,1,0,0,0,1,0,0,0,1,0,0,0,0,0,0,0,1,0,0,0,0,1,0,0,0,0,0,0
PRJ-0294,Auditoria_TI_Sistemas,Critica,3,Agronegocio,Gerente,3,"[""CISA"", ""COSO"", ""ISO27001"", ""Auditoria_TI"", ""Auditoria_Compliance"", ""IFRS""]",6,"[""CIA"", ""CISA"", ""CPA""]",3,82,121210.93,2026-07-14,1,7,1,0,0,0,1,1,1,0,0,1,0,1,0,0,0,1,1,1,0,0,0,0,0,0,0,0,0,0,0,0,1,0
PRJ-0295,Forensics_Investigacao,Baixa,0,Energia_Utilities,Senior,1,"[""Forensics_Antilavagem"", ""Auditoria_Financeira""]",2,[],0,8,12881.15,2026-06-29,0,2,0,0,0,0,0,0,0,1,0,0,0,0,1,0,0,0,0,0,0,0,0,0,0,0,1,0,0,0,0,0,0,0
PRJ-0296,Revisao_Controles_Internos,Alta,2,Varejo_Consumo,Supervisor,2,"[""ESG_Sustentabilidade"", ""SOX"", ""COSO"", ""Forensics_Antilavagem"", ""BRGAAP""]",5,"[""CIA"", ""CFE""]",2,46,94442.18,2026-07-31,1,3,0,0,1,1,1,0,0,0,0,0,0,0,1,1,0,0,1,0,1,0,0,0,0,0,0,0,1,0,0,0,0,0
PRJ-0297,Revisao_Controles_Internos,Alta,2,Saude_Farma,Gerente,3,"[""CISA"", ""ESG_Sustentabilidade"", ""SOX"", ""COSO"", ""Gestao_Riscos""]",5,"[""CFA"", ""CRC""]",2,25,35131.16,2026-10-02,1,2,0,0,0,1,1,1,0,0,0,0,0,0,0,1,1,0,0,0,0,1,0,1,0,0,0,1,0,0,0,0,0,0
PRJ-0298,Auditoria_Interna_Operacional,Critica,3,Governo_PublicSector,Gerente,3,"[""ESG_Sustentabilidade"", ""Auditoria_Fiscal"", ""COSO"", ""Auditoria_Operacional"", ""Auditoria_Compliance"", ""IFRS""]",6,"[""CFA"", ""CFE"", ""CISA""]",3,84,155831.32,2026-05-22,1,5,1,0,0,0,1,0,0,0,1,0,1,1,0,1,0,0,0,1,1,0,0,1,0,0,0,0,0,0,0,1,0,0
PRJ-0299,IPO_Readiness,Alta,2,Governo_PublicSector,Gerente,3,"[""IFRS"", ""COSO"", ""Auditoria_Financeira"", ""SOX""]",4,"[""CFA"", ""CRC""]",2,35,44675.86,2026-08-30,1,3,1,0,0,1,1,0,0,1,0,0,0,0,0,0,0,0,0,0,0,1,0,1,0,0,0,0,0,0,0,1,0,0
PRJ-0300,IPO_Readiness,Baixa,0,Agronegocio,Junior,0,"[""IFRS"", ""Auditoria_Financeira""]",2,[],0,10,21587.59,2026-07-23,0,2,1,0,0,0,0,0,0,1,0,0,0,0,0,0,0,0,0,0,0,0,0,0,0,0,0,0,0,0,0,0,1,0
